Label,External URI
"A. A. Knopf",http://viaf.org/viaf/142395924
"A. Barker",http://viaf.org/viaf/245463737
"A. C. Fifield",http://viaf.org/viaf/215146094150100330674
"A. Constable",http://viaf.org/viaf/156672148
"A. D. Innes",http://viaf.org/viaf/148132252
"A. Deutsch",http://viaf.org/viaf/132580591
"A. Dodd",http://viaf.org/viaf/71283786
"A. H. Bullen",http://viaf.org/viaf/311351897
"A. K. Newman",http://viaf.org/viaf/125936755
"A. L. Burt",http://viaf.org/viaf/136499357
"A. Maxwell",http://viaf.org/viaf/61431027
"A. Millar",http://viaf.org/viaf/15008766
"A. Strahan",http://viaf.org/viaf/132977294
"A. and C. Black",http://viaf.org/viaf/123220463
"AMS Press",http://viaf.org/viaf/175529333
"AMS",http://viaf.org/viaf/175529333
"Abacus",http://viaf.org/viaf/311382938
"Academy Chicago",http://viaf.org/viaf/139733654
"Ace Books",http://viaf.org/viaf/138487679
"Adam Matthew Publications",http://viaf.org/viaf/143444973
"Adam Matthew",http://viaf.org/viaf/143444973
"Adam and Charles Black",http://viaf.org/viaf/123220463
"Alan Sutton",http://viaf.org/viaf/160882254
"Alexander Strahan",http://viaf.org/viaf/40810077
"Alfred A. Knopf",http://viaf.org/viaf/142395924
"Alfred Knopf",http://viaf.org/viaf/142395924
"Allen Lane",http://viaf.org/viaf/156281760
"Allen and Unwin",http://viaf.org/viaf/141922044
"Allison and Busby",http://viaf.org/viaf/142082115
"Alston Rivers",http://viaf.org/viaf/9157222727884971473
"Amber Lane Press",http://viaf.org/viaf/833145857125022921545
"Anansi",http://viaf.org/viaf/268199074
"Anchor Books",http://viaf.org/viaf/105158669993527202417
"Anchor",http://viaf.org/viaf/105158669993527202417
"Andrew Dakers",http://viaf.org/viaf/60155767464927762653
"Andrew Melrose",http://viaf.org/viaf/47157340569609920294
"Andrew Millar",http://viaf.org/viaf/15008766
"Andrew Sowle",http://viaf.org/viaf/60342307
"Angus and Robertson",http://viaf.org/viaf/159379729
"Anthony Blond",http://viaf.org/viaf/2583646
"Anvil Press Poetry",http://viaf.org/viaf/157193471
"Arc Publications",http://viaf.org/viaf/62146095286600371861
"Archibald Constable",http://viaf.org/viaf/156672148
"Archon Books",http://viaf.org/viaf/315717862
"Arizona Center for Medieval and Renaissance Studies",http://viaf.org/viaf/133434477
"Arlen House",http://viaf.org/viaf/142299454
"Arno Press",http://viaf.org/viaf/144748692
"Arrow Books",http://viaf.org/viaf/311350485
"Arrowsmith",http://viaf.org/viaf/124255804
"Arthur Barker",http://viaf.org/viaf/245463737
"Ashgate",http://viaf.org/viaf/312738538
"Associated University Presses",http://viaf.org/viaf/311382888
"Atheneum",http://viaf.org/viaf/149378079
"Athlone Press",http://viaf.org/viaf/126853904
"B. Blackwell",http://viaf.org/viaf/312736099
"B. Crosby",http://viaf.org/viaf/6175149489110093810000
"B. Grasset",http://viaf.org/viaf/305290209
"B. H. Blackwell",http://viaf.org/viaf/312736099
"B. T. Batsford",http://viaf.org/viaf/130793280
"B. Tauchnitz",http://viaf.org/viaf/137725401
"BBC",http://viaf.org/viaf/127458402
"Baldwin and Cradock",http://viaf.org/viaf/155859348
"Baldwin, Cradock and Joy",http://viaf.org/viaf/158197537
"Bantam",http://viaf.org/viaf/311378962
"Barbin",http://viaf.org/viaf/2192145856864222920063
"Barnes and Noble",http://viaf.org/viaf/133686263
"Barrie and Jenkins",http://viaf.org/viaf/133830549
"Basic Books",http://viaf.org/viaf/169368934
"Batsford",http://viaf.org/viaf/130793280
"Beacon Press",http://viaf.org/viaf/132651880
"Belford, Clarke",http://viaf.org/viaf/134021014
"Belknap Press of Harvard University Press",http://viaf.org/viaf/302965116
"Bell and Daldy",http://viaf.org/viaf/156269465
"Bell and Sons",http://viaf.org/viaf/135166554
"Benjamin Blom",http://viaf.org/viaf/125844022
"Bentley",http://viaf.org/viaf/126230561
"Berg",http://viaf.org/viaf/296593421
"Bernard Lintot",http://viaf.org/viaf/34509981
"Bernard Lintott",http://viaf.org/viaf/34509981
"Bernhard Tauchnitz",http://viaf.org/viaf/137725401
"Bibliographical Society",http://viaf.org/viaf/158047212
"Bickers and Son",http://viaf.org/viaf/143428526
"Blackie and Son",http://viaf.org/viaf/142986780
"Blackie",http://viaf.org/viaf/142986780
"Blackstaff Press",http://viaf.org/viaf/130247428
"Blackwell",http://viaf.org/viaf/135219350
"Blackwood and Sons",http://viaf.org/viaf/148038877
"Blackwood",http://viaf.org/viaf/148038877
"Blizzard",http://viaf.org/viaf/143226806
"Bloodaxe Books Ltd",http://viaf.org/viaf/136297286
"Bloodaxe",http://viaf.org/viaf/136297286
"Bloomsbury",http://viaf.org/viaf/127945522
"Bodleian Library",http://viaf.org/viaf/129788129
"Bodley Head",http://viaf.org/viaf/145370293
"Boni and Liveright",http://viaf.org/viaf/150537829
"Books for Libraries Press",http://viaf.org/viaf/146944844
"Bowes and Bowes",http://viaf.org/viaf/132991602
"Bowling Green State University Popular Press",http://viaf.org/viaf/144650416
"Bradbury and Evans",http://viaf.org/viaf/297015946
"Broadview Press",http://viaf.org/viaf/141847954
"Broadview",http://viaf.org/viaf/141847954
"Bucknell University Press",http://viaf.org/viaf/311350009
"Burns and Oates",http://viaf.org/viaf/311378618
"C. Dilly",http://viaf.org/viaf/155859883
"C. Kegan Paul",http://viaf.org/viaf/167617309
"C. Scribner's Sons",http://viaf.org/viaf/121555288
"C. and J. Ollier",http://viaf.org/viaf/121294067
"CBC Radio 2",https://www.wikidata.org/wiki/Q5009015
"Cadell and Davies",http://viaf.org/viaf/121301341
"Calder and Boyars",http://viaf.org/viaf/138789613
"Cambridge University Press",http://viaf.org/viaf/127979069
"Camden Society",http://viaf.org/viaf/141688600
"Canongate Classics",http://viaf.org/viaf/185935443
"Canongate",http://viaf.org/viaf/135289335
"Cape",http://viaf.org/viaf/311357659
"Carcanet New Press",http://viaf.org/viaf/129333745
"Carcanet Press",http://viaf.org/viaf/129333745
"Carcanet",http://viaf.org/viaf/129333745
"Carleton University Press",http://viaf.org/viaf/128950504
"Cassell and Co.",http://viaf.org/viaf/121718240
"Cassell",http://viaf.org/viaf/121718240
"Cassell, Petter and Galpin",http://viaf.org/viaf/157556037
"Cedric Chivers",http://viaf.org/viaf/29155224425184371271
"Chambers",http://viaf.org/viaf/264492873
"Chapman and Hall",http://viaf.org/viaf/151283596
"Chapman",http://viaf.org/viaf/14820783
"Charles Knight",http://viaf.org/viaf/148353283
"Charles Scribner's Sons",http://viaf.org/viaf/121555288
"Charles Tilt",http://viaf.org/viaf/50271899
"Chatto & Windus",http://viaf.org/viaf/131167970
"Chatto and Windus",http://viaf.org/viaf/131167970
"Chatto",http://viaf.org/viaf/131167970
"Chawton House Library",http://viaf.org/viaf/125795705
"Clarendon Press",http://viaf.org/viaf/140104148
"Clarendon",http://viaf.org/viaf/140104148
"Coach House Press",http://viaf.org/viaf/155888541
"Colburn",http://viaf.org/viaf/90644401
"Colin Smythe",http://viaf.org/viaf/168993563
"Collins",http://viaf.org/viaf/129138489
"Collins; Dodd, Mead",http://viaf.org/viaf/144898842
"Columbia University Press",http://viaf.org/viaf/127175063
"Constable & Co.",http://viaf.org/viaf/156672148
"Constable and Company",http://viaf.org/viaf/156672148
"Constable",http://viaf.org/viaf/294124461
"Continuum",http://viaf.org/viaf/151371874
"Cork University Press",http://viaf.org/viaf/140069880
"Cornell University Press",http://viaf.org/viaf/297828202
"Cornerstone Hutchinson",http://viaf.org/viaf/144550791
"Coward-McCann",http://viaf.org/viaf/123569460
"Cresset Press",http://viaf.org/viaf/130207793
"Croom Helm",http://viaf.org/viaf/144355732
"Cuala Press",http://viaf.org/viaf/151773916
"D. Appleton",http://viaf.org/viaf/129012558
"D. S. Brewer",http://viaf.org/viaf/79052528
"Daldy, Isbister",http://viaf.org/viaf/132886564
"Darton and Harvey",http://viaf.org/viaf/158650657
"Darton",http://viaf.org/viaf/158650657
"Darton, Harvey and Darton",http://viaf.org/viaf/156313027
"David Bogue",http://viaf.org/viaf/311352557
"David Douglas",http://viaf.org/viaf/313086845
"David and Charles",http://viaf.org/viaf/137523007
"Dent",http://viaf.org/viaf/2833599
"Department of English, Temple University",http://viaf.org/viaf/147720522
"Department of English, University of Queensland",http://viaf.org/viaf/157639707
"Deutsch",http://viaf.org/viaf/132580591
"Dodd, Mead",http://viaf.org/viaf/266483422
"Dodsley",http://viaf.org/viaf/314332
"Dolmen",http://viaf.org/viaf/295173224
"Doubleday",http://viaf.org/viaf/294994700
"Duckworth and Co.",http://viaf.org/viaf/144762049
"Duckworth",http://viaf.org/viaf/144762049
"Duke University Press",http://viaf.org/viaf/264801395
"Dutton",http://viaf.org/viaf/266034617
"E. Arnold",http://viaf.org/viaf/173549121
"E. Benn",http://viaf.org/viaf/167993560
"E. Curll",http://viaf.org/viaf/73995150
"E. Mathews",http://viaf.org/viaf/57413861
"E. Moxon",http://viaf.org/viaf/37803933
"E. P. Dutton",http://viaf.org/viaf/266034617
"E. and C. Dilly",http://viaf.org/viaf/155859883
"ECW Press",http://viaf.org/viaf/137764636
"Edinburgh University Press",http://viaf.org/viaf/130458260
"Editions de Minuit",http://viaf.org/viaf/149880181
"Edmonston and Douglas",http://viaf.org/viaf/128197663
"Edward Arnold",http://viaf.org/viaf/173549121
"Edward Moxon",http://viaf.org/viaf/37803933
"Edwin Mellen Press",http://viaf.org/viaf/123244823
"Edwin Mellen",http://viaf.org/viaf/123244823
"Effingham Wilson",http://viaf.org/viaf/63104125
"Egoist",http://viaf.org/viaf/133764091
"Elkin Mathews and John Lane",http://viaf.org/viaf/167144783002351387426
"Elkin Mathews",http://viaf.org/viaf/57413861
"Elliot Stock",http://viaf.org/viaf/311359948
"Ellis and White",http://viaf.org/viaf/1247154137631715370007
"Emily Faithfull",http://viaf.org/viaf/31167959
"Enitharmon Press",http://viaf.org/viaf/130257644
"Ernest Benn",http://viaf.org/viaf/167993560
"Evans Brothers",http://viaf.org/viaf/311118748
"Eveleigh Nash and Grayson",http://viaf.org/viaf/134164875
"Eveleigh Nash",http://viaf.org/viaf/138847498
"Eyre Methuen",http://viaf.org/viaf/7165322385916020178
"Eyre and Spottiswoode",http://viaf.org/viaf/127130809
"F. Bonnaire",http://viaf.org/viaf/51686108
"F. C. and J. Rivington",http://viaf.org/viaf/149019905
"F. Houlston and Son",http://viaf.org/viaf/148023349
"F. S. Ellis",http://viaf.org/viaf/5770911
"F. V. White",http://viaf.org/viaf/148137300
"F. Warne",http://viaf.org/viaf/278497987
"F. Westley and A. H. Davis",http://viaf.org/viaf/159820037
"F.V. White",http://viaf.org/viaf/148137300
"Fabian Society",http://viaf.org/viaf/139553701
"Facts on File",http://viaf.org/viaf/158346573
"Fairleigh Dickinson University Press",http://viaf.org/viaf/152544929
"Farrar, Straus and Giroux",http://viaf.org/viaf/129171041
"Farrar, Straus, Giroux",http://viaf.org/viaf/129171041
"Fayard",http://viaf.org/viaf/312738991
"Fields, Osgood",http://viaf.org/viaf/136341792
"Fig Tree",http://viaf.org/viaf/11152682479623310486
"Fisher",http://viaf.org/viaf/137102179
"Flamingo",http://viaf.org/viaf/146649027
"Folio Press",http://viaf.org/viaf/130276384
"Folio Society",http://viaf.org/viaf/130276384
"Fortune Press",http://viaf.org/viaf/123241335
"Four Courts Press",http://viaf.org/viaf/155184733
"Fourth Estate",http://viaf.org/viaf/311354936
"Frank Cass",http://viaf.org/viaf/158876127
"Frederick A. Stokes",http://viaf.org/viaf/131785575
"Frederick Muller",http://viaf.org/viaf/311377972
"Frederick Warne",http://viaf.org/viaf/278497987
"Free Press",http://viaf.org/viaf/311352319
"Freethought Publishing",http://viaf.org/viaf/144765371
"Fremantle Arts Centre Press",http://viaf.org/viaf/262511249
"G. Allen and Unwin",http://viaf.org/viaf/141922044
"G. Bell and Sons",http://viaf.org/viaf/135166554
"G. Duckworth",http://viaf.org/viaf/144762049
"G. G. J. and J. Robinson",http://viaf.org/viaf/121289363
"G. G. and J. Robinson",http://viaf.org/viaf/121292667
"G. K. Hall and Maxwell Macmillan",http://viaf.org/viaf/149331633
"G. K. Hall",http://viaf.org/viaf/157127303
"G. P. Putnam",http://viaf.org/viaf/148998778
"G. P. Putnam's Sons",http://viaf.org/viaf/148998778
"G. Richards",http://viaf.org/viaf/158745426
"G. Routledge and Sons",http://viaf.org/viaf/146326081
"G. Routledge",http://viaf.org/viaf/146326081
"G. W. Carleton",http://viaf.org/viaf/121293252
"G. and W. B. Whittaker",http://viaf.org/viaf/121292050
"Gale Group",http://viaf.org/viaf/150761751
"Gale Research",http://viaf.org/viaf/150761751
"Gale",http://viaf.org/viaf/150761751
"Gall and Inglis",http://viaf.org/viaf/168200157
"Gallimard",http://viaf.org/viaf/266381764
"Garland Publishing",http://viaf.org/viaf/154887734
"Garland",http://viaf.org/viaf/154887734
"Geoffrey Bles",http://viaf.org/viaf/311354022
"George Allen and Unwin",http://viaf.org/viaf/141922044
"George Bell and Sons",http://viaf.org/viaf/135166554
"George Bell",http://viaf.org/viaf/135166554
"George G. Harrap",http://viaf.org/viaf/126965936
"George H. Doran",http://viaf.org/viaf/140800687
"George Newnes",http://viaf.org/viaf/168471063
"George Redway",http://viaf.org/viaf/124791143
"George Routledge and Sons",http://viaf.org/viaf/146326081
"George Routledge",http://viaf.org/viaf/146326081
"Gill and Macmillan",http://viaf.org/viaf/169837938
"Golgonooza Press",http://viaf.org/viaf/144693767
"Gowans and Gray",http://viaf.org/viaf/129146094369900332992
"Granada",http://viaf.org/viaf/264265782
"Grant Richards",http://viaf.org/viaf/158745426
"Grant and Griffith",http://viaf.org/viaf/136415249
"Granta Books",http://viaf.org/viaf/173251676
"Granta",http://viaf.org/viaf/173251676
"Greenwood Press",http://viaf.org/viaf/157201525
"Griffith and Farran",http://viaf.org/viaf/155126472
"Groombridge and Sons",http://viaf.org/viaf/132881385
"Groombridge",http://viaf.org/viaf/132881385
"Grove Press",http://viaf.org/viaf/152418237
"Grove",http://viaf.org/viaf/152418237
"Guardian News and Media",http://viaf.org/viaf/33165265326010192783
"Gyldendal",http://viaf.org/viaf/127954890
"H. Colburn and R. Bentley",http://viaf.org/viaf/142329830
"H. Colburn",http://viaf.org/viaf/142329830
"H. Hamilton",http://viaf.org/viaf/134664707
"H. Herringman",http://viaf.org/viaf/304947057
"H. Holt",http://viaf.org/viaf/126775354
"H. R. Allenson",http://viaf.org/viaf/25158427931506061790
"H. S. King",http://viaf.org/viaf/265628035
"H. W. Wilson",http://viaf.org/viaf/128972161
"Hale",http://viaf.org/viaf/125513648
"Hall, Virtue",http://viaf.org/viaf/144676714
"Hambledon Press",http://viaf.org/viaf/316027384
"Hamilton, Adams",http://viaf.org/viaf/151925962
"Hamish Hamilton",http://viaf.org/viaf/134664707
"Harcourt Brace Jovanovich",http://viaf.org/viaf/123671218
"Harcourt Brace",http://viaf.org/viaf/167837026
"Harcourt, Brace and Company",http://viaf.org/viaf/167837026
"Harcourt, Brace and World",http://viaf.org/viaf/167837026
"Harcourt, Brace",http://viaf.org/viaf/167837026
"Harcourt, Brace, Jovanovich",http://viaf.org/viaf/123671218
"Harcourt, Brace, and World",http://viaf.org/viaf/167837026
"Harper & Brothers",http://viaf.org/viaf/129138489
"Harper and Brothers",http://viaf.org/viaf/122099855
"Harper and Row",http://viaf.org/viaf/129138489
"Harper",http://viaf.org/viaf/129138489
"HarperCollins Fourth Estate",http://viaf.org/viaf/129138489
"HarperCollins",http://viaf.org/viaf/129138489
"Harrison",http://viaf.org/viaf/264951771
"Hart-Davis",http://viaf.org/viaf/313090149
"Harvard University Press",http://viaf.org/viaf/139568154
"Harvester Press",http://viaf.org/viaf/295664937
"Harvester Wheatsheaf",http://viaf.org/viaf/151401859
"Harvester",http://viaf.org/viaf/295664937
"Harvey and Darton",http://viaf.org/viaf/140706820
"Harvill Press",http://viaf.org/viaf/311354883
"Haskell House",http://viaf.org/viaf/311833884
"Hatchards",http://viaf.org/viaf/150558064
"Headline",http://viaf.org/viaf/151524798
"Heinemann",http://viaf.org/viaf/129924961
"Heinemann; Putnam",http://viaf.org/viaf/129924961
"Henry Colburn",http://viaf.org/viaf/142329830
"Henry Holt",http://viaf.org/viaf/125902455
"Henry Mozley",http://viaf.org/viaf/129472710
"Henry S. King",http://viaf.org/viaf/265628035
"Her Majesty's Stationery Office",http://viaf.org/viaf/1294149368873985980001
"Heywood",http://viaf.org/viaf/123598224
"Hodder & Stoughton",http://viaf.org/viaf/136167633
"Hodder and Stoughton",http://viaf.org/viaf/136167633
"Hogarth Press",http://viaf.org/viaf/266360169
"Hollis and Carter",http://viaf.org/viaf/311359666
"Holt, Rinehart and Winston",http://viaf.org/viaf/135108302
"Honoré Champion",http://viaf.org/viaf/121318215
"Hookham and Carpenter",http://viaf.org/viaf/149369138
"Houghton Mifflin Co.",http://viaf.org/viaf/159556432
"Houghton Mifflin",http://viaf.org/viaf/159556432
"Houghton, Mifflin",http://viaf.org/viaf/159556432
"Houlston and Stoneman",http://viaf.org/viaf/155151284
"Hours Press",http://viaf.org/viaf/138711119
"Huntington Library",http://viaf.org/viaf/147236009
"Hurst and Blackett",http://viaf.org/viaf/151635949
"Hurst, Robinson",http://viaf.org/viaf/125335127
"Hutchinson",http://viaf.org/viaf/144550791
"Hyperion Press",http://viaf.org/viaf/143615064
"Independent Labour Party",http://viaf.org/viaf/155961891
"Indiana University Press",http://viaf.org/viaf/122335523
"Irish Academic Press",http://viaf.org/viaf/158197516
"Isbister",http://viaf.org/viaf/150456712
"J. B. Lippincott",http://viaf.org/viaf/136037399
"J. Ballantyne",http://viaf.org/viaf/137483859
"J. Bell",http://viaf.org/viaf/51741707
"J. Cape",http://viaf.org/viaf/311357659
"J. Chapman",http://viaf.org/viaf/14820783
"J. Clarke",http://viaf.org/viaf/134158478
"J. Debrett",http://viaf.org/viaf/24680588
"J. Dicks",http://viaf.org/viaf/11900001
"J. Dodsley",http://viaf.org/viaf/314332
"J. F. Hughes",http://viaf.org/viaf/1152561518215441866
"J. Hatchard",http://viaf.org/viaf/15101148
"J. Johnson",http://viaf.org/viaf/150566756
"J. M. Dent and Sons",http://viaf.org/viaf/140758077
"J. M. Dent",http://viaf.org/viaf/123541450
"J. Murray",http://viaf.org/viaf/121005241
"J. Nisbet and Co.",http://viaf.org/viaf/159791798
"J. Nisbet",http://viaf.org/viaf/159791798
"J. W. Parker",http://viaf.org/viaf/142359393
"J. and A. Arch",http://viaf.org/viaf/127710360
"J. and C. Mozley",http://viaf.org/viaf/17163935897000830293
"J. and R. Maxwell",http://viaf.org/viaf/154038101
"James Nisbet",http://viaf.org/viaf/159791798
"Jarrold and Sons",http://viaf.org/viaf/134109645
"Jarrolds",http://viaf.org/viaf/134109645
"John Chapman",http://viaf.org/viaf/14820783
"John Day",http://viaf.org/viaf/146950190
"John Lane",http://viaf.org/viaf/37673712
"John Long",http://viaf.org/viaf/311358603
"Johns Hopkins University Press",http://viaf.org/viaf/157408888
"Jonathan Cape",http://viaf.org/viaf/311357659
"Joseph Johnson",http://viaf.org/viaf/7617625
"Juvenilia Press",https://www.wikidata.org/wiki/Q6318982
"Kegan Paul",http://viaf.org/viaf/167617309
"Kegan Paul, Trench",http://viaf.org/viaf/158743903
"Kegan Paul, Trench, Trübner",http://viaf.org/viaf/146326081
"Knopf",http://viaf.org/viaf/142395924
"Lane, Newman",http://viaf.org/viaf/169943856
"Leicester University Press",http://viaf.org/viaf/137251158
"Little, Brown and Co.",http://viaf.org/viaf/144240696
"Little, Brown",http://viaf.org/viaf/144240696
"Longman",http://viaf.org/viaf/149560951
"Longman, Brown, Green, Longmans, and Roberts",http://viaf.org/viaf/129480794
"Longman, Brown, Green, and Longmans",http://viaf.org/viaf/132966589
"Longman, Hurst, Rees, Orme and Brown",http://viaf.org/viaf/142878694
"Longman, Hurst, Rees, Orme, Brown and Green",http://viaf.org/viaf/129885448
"Longman, Hurst, Rees, Orme, Brown, and Green",http://viaf.org/viaf/129885448
"Longman, Hurst, Rees, Orme, and Brown",http://viaf.org/viaf/142878694
"Longman, Hurst, Rees, and Orme",http://viaf.org/viaf/144093895
"Longman, Rees, Orme, Brown and Green",http://viaf.org/viaf/148358760
"Longman, Rees, Orme, Brown, Green, and Longman",http://viaf.org/viaf/141164782
"Longman, Rees, Orme, Brown, and Green",http://viaf.org/viaf/148358760
"Longmans",http://viaf.org/viaf/149560951
"Longmans, Green and Co.",http://viaf.org/viaf/124935207
"Longmans, Green",http://viaf.org/viaf/124935207
"M. Joseph",http://viaf.org/viaf/170264319
"M. Secker",http://viaf.org/viaf/311352549
"MacGibbon and Kee",http://viaf.org/viaf/315242555
"MacMillan",http://viaf.org/viaf/146646454
"Macdonald",http://viaf.org/viaf/265092408
"Macmillan and Co.",http://viaf.org/viaf/146646454
"Macmillan of Canada",http://viaf.org/viaf/146646454
"Macmillan",http://viaf.org/viaf/146646454
"Manchester University Press",http://viaf.org/viaf/124280108
"Maunsel",http://viaf.org/viaf/136434951
"McClelland and Stewart",http://viaf.org/viaf/152755326
"McGraw-Hill",http://viaf.org/viaf/123122501
"Methuen & Co.",http://viaf.org/viaf/167761845
"Methuen Drama",http://viaf.org/viaf/236613093
"Methuen",http://viaf.org/viaf/167761845
"Michael Joseph",http://viaf.org/viaf/170264319
"Mills and Boon",http://viaf.org/viaf/138558579
"Minerva",http://viaf.org/viaf/143390459
"New Directions",http://viaf.org/viaf/145581718
"New York University Press",http://viaf.org/viaf/153864593
"Nick Hern",http://viaf.org/viaf/311349386
"Ohio University Press",http://viaf.org/viaf/126720804
"Oxford University Press",http://viaf.org/viaf/140705396
"P. Norbury",http://viaf.org/viaf/28967567
"Palgrave Macmillan",http://viaf.org/viaf/315532896
"Palgrave",http://viaf.org/viaf/315532896
"Penguin Books",http://viaf.org/viaf/134443168
"Penguin",http://viaf.org/viaf/134443168
"Persephone Books",http://viaf.org/viaf/154010484
"Peter Davies",http://viaf.org/viaf/251951772
"Peter Lang",http://viaf.org/viaf/124433028
"Peter Owen",http://viaf.org/viaf/151350062
"Peterloo Poets",http://viaf.org/viaf/134097999
"Phaidon",http://viaf.org/viaf/123681958
"Pickering and Chatto",http://viaf.org/viaf/124959469
"Poetry Bookshop",http://viaf.org/viaf/123865415
"Princeton University Press",http://viaf.org/viaf/158317684
"R. Bentley and Son",http://viaf.org/viaf/126230561
"R. Bentley",http://viaf.org/viaf/126230561
"R. Hale",http://viaf.org/viaf/125513648
"R. and J. Dodsley",http://viaf.org/viaf/121291910
"Random House",http://viaf.org/viaf/153153594
"Remington",http://viaf.org/viaf/155134447
"Richard Bentley and Son",http://viaf.org/viaf/126230561
"Richard Bentley",http://viaf.org/viaf/126230561
"Richard Phillips",http://viaf.org/viaf/130566866
"Robert Hale",http://viaf.org/viaf/125513648
"Roberts Brothers",http://viaf.org/viaf/153421486
"Routledge and Kegan Paul",http://viaf.org/viaf/312803894
"Routledge",http://viaf.org/viaf/146326081
"Routledge, Warne, and Routledge",http://viaf.org/viaf/146326081
"Rupert Hart-Davis",http://viaf.org/viaf/313090149
"Rutgers University Press",http://viaf.org/viaf/126856852
"S. French",http://viaf.org/viaf/168198318
"Sampson Low",http://viaf.org/viaf/121292786
"Samuel French",http://viaf.org/viaf/168198318
"Saunders and Otley",http://viaf.org/viaf/15754285
"Scarecrow Press",http://viaf.org/viaf/261535565
"Scholars' Facsimiles and Reprints",http://viaf.org/viaf/315242234
"Scolar Press",http://viaf.org/viaf/126764779
"Secker and Warburg",http://viaf.org/viaf/127926910
"Seeley, Jackson, and Halliday",http://viaf.org/viaf/148844867
"Seren",http://viaf.org/viaf/3395151837987320520003
"Sidgwick and Jackson",http://viaf.org/viaf/138432217
"Simon and Schuster",http://viaf.org/viaf/149958803
"Sinclair-Stevenson",http://viaf.org/viaf/565154380888630290180
"Smith, Elder & Co.",http://viaf.org/viaf/147851790
"Smith, Elder",http://viaf.org/viaf/147851790
"Society for Promoting Christian Knowledge",http://viaf.org/viaf/130132158
"Southern Illinois University Press",http://viaf.org/viaf/153672966
"St Martin's Press",http://viaf.org/viaf/134878895
"Stanford University Press",http://viaf.org/viaf/145613647
"State University of New York Press",http://viaf.org/viaf/311354004
"Strahan",http://viaf.org/viaf/132977294
"Sutton",http://viaf.org/viaf/160882254
"T. C. Newby",http://viaf.org/viaf/34325653
"T. Cadell",http://viaf.org/viaf/100920895
"T. F. Unwin",http://viaf.org/viaf/121287478
"T. Fisher Unwin",http://viaf.org/viaf/121287478
"T. Hookham",http://viaf.org/viaf/304943288
"T. N. Longman and O. Rees",http://viaf.org/viaf/130626936
"T. N. Longman",http://viaf.org/viaf/149560951
"T. Nelson and Sons",http://viaf.org/viaf/126093235
"T. Nelson",http://viaf.org/viaf/126093235
"Taylor and Hessey",http://viaf.org/viaf/121292520
"Thames and Hudson",http://viaf.org/viaf/129092275
"The Bodley Head",http://viaf.org/viaf/145370293
"Theosophical Publishing House",http://viaf.org/viaf/127127261
"Tinsley Brothers",http://viaf.org/viaf/125903678
"Tinsley",http://viaf.org/viaf/125903678
"Trübner",http://viaf.org/viaf/141909012
"Twayne Publishers",http://viaf.org/viaf/146726169
"Twayne",http://viaf.org/viaf/146726169
"University Press of Kentucky",http://viaf.org/viaf/127846763
"University Press of Virginia",http://viaf.org/viaf/297377613
"University of Alberta",http://viaf.org/viaf/155492116
"University of California Press",http://viaf.org/viaf/148948307
"University of Chicago Press",http://viaf.org/viaf/122888939
"University of Delaware Press",http://viaf.org/viaf/311354383
"University of Georgia Press",http://viaf.org/viaf/158327693
"University of Illinois Press",http://viaf.org/viaf/157245161
"University of Michigan Press",http://viaf.org/viaf/131373685
"University of North Carolina Press",http://viaf.org/viaf/265412814
"University of Pennsylvania Press",http://viaf.org/viaf/159571939
"University of Toronto Press",http://viaf.org/viaf/126595939
"University of Wisconsin Press",http://viaf.org/viaf/142839588
"Viking Penguin",http://viaf.org/viaf/134443168
"Viking Press",http://viaf.org/viaf/295681810
"Viking",http://viaf.org/viaf/295681810
"Vintage Books",http://viaf.org/viaf/306402845
"Vintage Canada",http://viaf.org/viaf/306402845
"Vintage",http://viaf.org/viaf/306402845
"Virago",http://viaf.org/viaf/170596537
"W. Blackwood and Sons",http://viaf.org/viaf/148038877
"W. Blackwood",http://viaf.org/viaf/148038877
"W. Collins",http://viaf.org/viaf/144898842
"W. H. Allen",http://viaf.org/viaf/45159035185601380002
"W. Heinemann",http://viaf.org/viaf/129924961
"W. Pickering",http://viaf.org/viaf/39150030775610962228
"W. W. Norton",http://viaf.org/viaf/127676589
"W. and R. Chambers",http://viaf.org/viaf/264492873
"Walter Scott",http://viaf.org/viaf/127105541
"Ward and Downey",http://viaf.org/viaf/141084982
"Ward, Lock",http://viaf.org/viaf/168384203
"Weidenfeld and Nicolson",http://viaf.org/viaf/167923742
"William Andrews Clark Memorial Library, University of California",http://viaf.org/viaf/158783898
"William Blackwood and Sons",http://viaf.org/viaf/148038877
"William Heinemann",http://viaf.org/viaf/129924961
"William Lane",http://viaf.org/viaf/17088379
"William Pickering",http://viaf.org/viaf/39150030775610962228
"Williams and Norgate",http://viaf.org/viaf/157505963
"Women's Press",http://viaf.org/viaf/261536203
"Yale University Press",http://viaf.org/viaf/121971897
"Éditions de la Nouvelle Revue Française",http://viaf.org/viaf/146659267
https://commons.cwrc.ca/orlando:0002e97c-f9f6-41ac-bbf4-af2ab1e1f51c,http://viaf.org/viaf/123241335
https://commons.cwrc.ca/orlando:00ce2c41-b247-44e3-a9d9-b10a155413f9,http://viaf.org/viaf/126853904
https://commons.cwrc.ca/orlando:0198518b-221e-4335-971a-1374c8774bf8,http://viaf.org/viaf/157193471
https://commons.cwrc.ca/orlando:038614a5-0851-46e4-a567-a58a4a710510,http://viaf.org/viaf/130793280
https://commons.cwrc.ca/orlando:04692fb5-5e5c-4e3d-90bb-f0a81f301da8,http://viaf.org/viaf/150761751
https://commons.cwrc.ca/orlando:0a0f48c0-6025-464d-9a9f-cceccdaf3364,http://viaf.org/viaf/136167633
https://commons.cwrc.ca/orlando:0d925c39-cb56-4658-b50e-7384f13aff0f,http://viaf.org/viaf/265628035
https://commons.cwrc.ca/orlando:0f5ab112-4e81-4977-8c29-8ab17d64e707,http://viaf.org/viaf/131167970
https://commons.cwrc.ca/orlando:0f710b67-8ba0-43ac-bd53-4989e4386795,http://viaf.org/viaf/151350062
https://commons.cwrc.ca/orlando:10027c77-f630-46e3-a5a1-bd9f7765c4bd,http://viaf.org/viaf/311118748
https://commons.cwrc.ca/orlando:1145d26a-5ed4-4f40-a862-812bcc90d58f,http://viaf.org/viaf/153153594
https://commons.cwrc.ca/orlando:11cc76ac-fce9-4952-b8bc-4259742ba96f,http://viaf.org/viaf/311352557
https://commons.cwrc.ca/orlando:120abdba-89c5-4d2a-a5a8-182f02b10609,https://www.wikidata.org/wiki/Q6318982
https://commons.cwrc.ca/orlando:1342cc09-3c5a-4d6f-91f2-700bdfee8d2e,http://viaf.org/viaf/170264319
https://commons.cwrc.ca/orlando:13bfd702-1ad3-426c-a407-dd8defe66a3d,http://viaf.org/viaf/129146094369900332992
https://commons.cwrc.ca/orlando:1473d6b5-3980-457a-b35b-4d1ec15c4f0c,http://viaf.org/viaf/146950190
https://commons.cwrc.ca/orlando:17ee5ad2-4003-46d8-a74e-6adf829c906d,http://viaf.org/viaf/1152561518215441866
https://commons.cwrc.ca/orlando:192a2d0d-dbcd-451e-9c12-d09d8254ca0a,http://viaf.org/viaf/37803933
https://commons.cwrc.ca/orlando:19a69b6f-d32a-4abd-bb45-48a4080c404a,http://viaf.org/viaf/121292786
https://commons.cwrc.ca/orlando:19e78a22-43cf-4198-905e-6af94cbab708,http://viaf.org/viaf/167617309
https://commons.cwrc.ca/orlando:19f61d4f-eac9-4a87-9495-eec87036fac5,http://viaf.org/viaf/124433028
https://commons.cwrc.ca/orlando:1a31e082-537d-463e-bf37-09ea522c16a1,http://viaf.org/viaf/135166554
https://commons.cwrc.ca/orlando:1c562ecb-2108-47b1-b62e-6698c5e40d67,http://viaf.org/viaf/157505963
https://commons.cwrc.ca/orlando:1c74f22e-7e85-4057-b5b3-369d2c1082f8,http://viaf.org/viaf/15754285
https://commons.cwrc.ca/orlando:1ce85604-72e5-43ac-a832-e6f3daf57636,http://viaf.org/viaf/125795705
https://commons.cwrc.ca/orlando:21fc82e3-e57b-402b-a272-a047490b3035,http://viaf.org/viaf/142986780
https://commons.cwrc.ca/orlando:2320eb3b-1348-4f0e-82f3-697d69d7ce92,http://viaf.org/viaf/130276384
https://commons.cwrc.ca/orlando:262cd913-a414-430f-a479-b1488d49b243,http://viaf.org/viaf/146726169
https://commons.cwrc.ca/orlando:2740ad20-9442-45bd-9fbf-e98e06556ce4,http://viaf.org/viaf/311378618
https://commons.cwrc.ca/orlando:28074ac8-ddfd-4f0d-b515-299809d004a2,http://viaf.org/viaf/147236009
https://commons.cwrc.ca/orlando:29eeaf94-84fa-4282-af6a-bb53abbcc00d,http://viaf.org/viaf/130207793
https://commons.cwrc.ca/orlando:2db3c82b-6504-420c-a948-56dcddcace5e,http://viaf.org/viaf/168198318
https://commons.cwrc.ca/orlando:2db402f7-300e-4364-b476-634529f2535d,http://viaf.org/viaf/125903678
https://commons.cwrc.ca/orlando:3130213b-f041-4acd-8fd8-002c8ada4374,http://viaf.org/viaf/14820783
https://commons.cwrc.ca/orlando:321bc778-b535-4bdd-acec-5cc2c78ef2dd,http://viaf.org/viaf/135289335
https://commons.cwrc.ca/orlando:329de765-c183-4619-afe2-1e6e5d0b2dd9,http://viaf.org/viaf/158317684
https://commons.cwrc.ca/orlando:32c1fd04-048b-4f69-96d1-4e7ecb578919,http://viaf.org/viaf/311357659
https://commons.cwrc.ca/orlando:36931740-4d9d-4c0f-b12c-cabbe9b5ee24,http://viaf.org/viaf/144550791
https://commons.cwrc.ca/orlando:36ae6eb5-5526-4084-b310-88bee8429c9b,http://viaf.org/viaf/7617625
https://commons.cwrc.ca/orlando:37c26274-0fe1-4421-be1e-3fcf4279bb2a,http://viaf.org/viaf/29155224425184371271
https://commons.cwrc.ca/orlando:3a0109b5-fb4e-425f-8119-b7b9caaad60e,http://viaf.org/viaf/264492873
https://commons.cwrc.ca/orlando:3b1e5b2e-f2cd-4d94-b7bd-7665afdfc402,http://viaf.org/viaf/295681810
https://commons.cwrc.ca/orlando:3b31a4d1-dd87-431a-963e-8d602666cf2d,http://viaf.org/viaf/137523007
https://commons.cwrc.ca/orlando:3bcaa33a-2551-4681-895e-8e636d81eab1,http://viaf.org/viaf/127127261
https://commons.cwrc.ca/orlando:3c06166b-4909-480f-aa31-ec674503f17d,http://viaf.org/viaf/130566866
https://commons.cwrc.ca/orlando:3c55bbdc-3419-4c07-87b1-7bd16a6bd9e9,http://viaf.org/viaf/129924961
https://commons.cwrc.ca/orlando:3e4b9aac-ba56-41a2-8eb4-bd051319a005,http://viaf.org/viaf/47157340569609920294
https://commons.cwrc.ca/orlando:401f642b-6d92-40d6-b887-581aa3351dea,http://viaf.org/viaf/140800687
https://commons.cwrc.ca/orlando:40da0494-c100-406d-8f70-dfdf78fbb27a,http://viaf.org/viaf/127175063
https://commons.cwrc.ca/orlando:411586c3-39b0-4148-b66b-b104bb237359,http://viaf.org/viaf/158745426
https://commons.cwrc.ca/orlando:41927962-55e9-4aca-830f-44b846a33339,http://viaf.org/viaf/125902455
https://commons.cwrc.ca/orlando:41f5b605-91f0-4067-b2ca-db8a738f8a07,http://viaf.org/viaf/315242555
https://commons.cwrc.ca/orlando:43f651f6-b47a-459a-9a99-795b121bba30,http://viaf.org/viaf/159571939
https://commons.cwrc.ca/orlando:447f72d9-f191-4b33-b93f-e9e9ee6a5d84,http://viaf.org/viaf/168471063
https://commons.cwrc.ca/orlando:44a85177-f354-4c7a-8a77-bf18d8d43659,http://viaf.org/viaf/313090149
https://commons.cwrc.ca/orlando:49ef5858-9265-4bd4-9348-8e40c7245505,http://viaf.org/viaf/141084982
https://commons.cwrc.ca/orlando:4d5c2f8d-b7e8-49d5-a794-8710b7cf81ba,http://viaf.org/viaf/9157222727884971473
https://commons.cwrc.ca/orlando:4dff9515-b1d9-4efd-b547-808df1282006,http://viaf.org/viaf/141688600
https://commons.cwrc.ca/orlando:4ec53357-8e3c-4973-a142-1052978fadd5,http://viaf.org/viaf/133434477
https://commons.cwrc.ca/orlando:4f8220ca-bcca-4c3d-b5af-bb5da663dcf5,http://viaf.org/viaf/173549121
https://commons.cwrc.ca/orlando:50b38b93-808b-4847-b08c-67fb4d18f430,http://viaf.org/viaf/295664937
https://commons.cwrc.ca/orlando:528dd763-6084-4927-9fd7-92c3167a7803,http://viaf.org/viaf/315532896
https://commons.cwrc.ca/orlando:52c51a20-b3bf-4c13-a98c-467c9d839556,http://viaf.org/viaf/130247428
https://commons.cwrc.ca/orlando:531e6cdb-5021-422f-99b6-2d06df363bc2,http://viaf.org/viaf/138847498
https://commons.cwrc.ca/orlando:532f6241-c9bf-4178-8816-b97213738dc3,http://viaf.org/viaf/144762049
https://commons.cwrc.ca/orlando:534bb5fe-7623-4d05-8a35-aee1760e16df,http://viaf.org/viaf/142299454
https://commons.cwrc.ca/orlando:53a394c2-5d6d-4e4e-9bfa-71b020063c2f,http://viaf.org/viaf/152544929
https://commons.cwrc.ca/orlando:542d6373-7f24-45e9-9ae8-5079a7a8b260,http://viaf.org/viaf/140104148
https://commons.cwrc.ca/orlando:54bdf03f-926d-4e04-bf73-51cf687fabd1,http://viaf.org/viaf/264265782
https://commons.cwrc.ca/orlando:57df298a-d684-4854-a7e1-dd16ce72cde9,http://viaf.org/viaf/2192145856864222920063
https://commons.cwrc.ca/orlando:5879bbc8-89c6-4826-8615-f9c403f9d3f9,http://viaf.org/viaf/138558579
https://commons.cwrc.ca/orlando:5902912c-f61e-4745-ae85-754fe8a8fef1,http://viaf.org/viaf/138711119
https://commons.cwrc.ca/orlando:59ae809f-4db7-470b-b28e-64286de71842,http://viaf.org/viaf/121292520
https://commons.cwrc.ca/orlando:59f01c25-9207-4e62-91b2-3bd1a287537a,http://viaf.org/viaf/129788129
https://commons.cwrc.ca/orlando:5a282750-1638-4805-8781-b6c0e052e320,http://viaf.org/viaf/150537829
https://commons.cwrc.ca/orlando:5c1e544e-5b53-4a29-a7fb-ea51d66132fe,http://viaf.org/viaf/123122501
https://commons.cwrc.ca/orlando:60757086-e149-4937-a414-8eba473ae8dc,http://viaf.org/viaf/311350485
https://commons.cwrc.ca/orlando:60a92829-eb07-433a-9451-21a6b9bc36cd,http://viaf.org/viaf/124255804
https://commons.cwrc.ca/orlando:62b7009c-fb12-4c94-b3e0-fc04e33a3f7a,http://viaf.org/viaf/311358603
https://commons.cwrc.ca/orlando:66be5920-9923-4b72-8221-a0088cc09053,http://viaf.org/viaf/185935443
https://commons.cwrc.ca/orlando:6851591c-cbbc-459e-bbe2-7bfef136dbe3,http://viaf.org/viaf/123541450
https://commons.cwrc.ca/orlando:6a85e9ae-4abc-43b0-a267-2d385725724d,http://viaf.org/viaf/297015946
https://commons.cwrc.ca/orlando:6a9d995b-4cd6-460f-9c55-7e83669ad6a8,http://viaf.org/viaf/155492116
https://commons.cwrc.ca/orlando:6ad3f7c1-b263-42cd-bfe2-e864ddecf761,http://viaf.org/viaf/140705396
https://commons.cwrc.ca/orlando:6d17b70b-4150-4057-9bc0-5b8b34db02a4,http://viaf.org/viaf/123244823
https://commons.cwrc.ca/orlando:6d529eb9-9adc-41ed-b881-629c75a844c7,http://viaf.org/viaf/143615064
https://commons.cwrc.ca/orlando:6e3e9db7-0127-4937-997b-0ed303de4381,http://viaf.org/viaf/122888939
https://commons.cwrc.ca/orlando:71afd20f-a15f-4c1c-b2de-e065eb8f5300,http://viaf.org/viaf/311382938
https://commons.cwrc.ca/orlando:73c736ad-5aa0-4a80-b804-3b9c84260f47,http://viaf.org/viaf/136415249
https://commons.cwrc.ca/orlando:744ec949-34ed-43c6-ab59-fee5b4b2266b,http://viaf.org/viaf/132991602
https://commons.cwrc.ca/orlando:74789d7e-3e40-4d3c-97ad-b80015e82fa1,http://viaf.org/viaf/142839588
https://commons.cwrc.ca/orlando:747b5c41-8e1c-48dc-9b88-94dcc54c71f1,http://viaf.org/viaf/126230561
https://commons.cwrc.ca/orlando:751dd2a9-ed38-4287-b950-a1a7bf761282,http://viaf.org/viaf/128197663
https://commons.cwrc.ca/orlando:75ee6387-9458-4ec8-8280-8dbaf441e5d2,http://viaf.org/viaf/148948307
https://commons.cwrc.ca/orlando:77263c45-f819-48e4-aa3f-a35861eb593e,http://viaf.org/viaf/138789613
https://commons.cwrc.ca/orlando:777fa536-84a8-4044-86c5-9d4b47c6e802,http://viaf.org/viaf/2583646
https://commons.cwrc.ca/orlando:78018588-e8ec-4653-afbc-f49aa38e1812,http://viaf.org/viaf/266381764
https://commons.cwrc.ca/orlando:785980f8-bd83-4028-93f0-f05bb186cc28,http://viaf.org/viaf/157408888
https://commons.cwrc.ca/orlando:7901a010-5100-4957-9e67-3fdf9c89e2a1,http://viaf.org/viaf/266034617
https://commons.cwrc.ca/orlando:7d0ac51e-0c88-4b7a-957e-60d443862a92,http://viaf.org/viaf/159379729
https://commons.cwrc.ca/orlando:7d48e978-a7cf-40a9-ac5f-3cdac2d97116,http://viaf.org/viaf/121718240
https://commons.cwrc.ca/orlando:7d731621-352c-41a9-8e74-ce563f6fcb61,http://viaf.org/viaf/126093235
https://commons.cwrc.ca/orlando:7d74f9f4-f968-4a71-94e5-84a930a54f05,http://viaf.org/viaf/125936755
https://commons.cwrc.ca/orlando:7e64e23a-5a3f-4ac1-a85d-957e10bcfdf8,http://viaf.org/viaf/167761845
https://commons.cwrc.ca/orlando:7ef0afba-346e-4177-91f2-3fa66ba0beea,http://viaf.org/viaf/159791798
https://commons.cwrc.ca/orlando:7ff203ff-0f3b-45e0-aad1-a3e3833ab6cd,http://viaf.org/viaf/141847954
https://commons.cwrc.ca/orlando:82050c28-3bd5-41fa-a622-43fbb548b213,http://viaf.org/viaf/154887734
https://commons.cwrc.ca/orlando:8334f215-05d6-4b01-bb4c-09e52ef7d048,http://viaf.org/viaf/314332
https://commons.cwrc.ca/orlando:8510e494-bb91-4f26-9f67-c38f887ea3e2,http://viaf.org/viaf/168200157
https://commons.cwrc.ca/orlando:85b18ddf-2411-46e0-a5eb-4e8e514ed8e0,http://viaf.org/viaf/155184733
https://commons.cwrc.ca/orlando:8795bfe9-28dc-483f-ac82-daa34ce87576,http://viaf.org/viaf/167923742
https://commons.cwrc.ca/orlando:89f8f713-5f89-446d-9287-94cc11cdbe4d,http://viaf.org/viaf/124791143
https://commons.cwrc.ca/orlando:8a2cb058-4a86-4d2c-a18c-8e8f7a32d5e3,http://viaf.org/viaf/127710360
https://commons.cwrc.ca/orlando:8a47f510-675f-460b-8686-d77677534217,http://viaf.org/viaf/156281760
https://commons.cwrc.ca/orlando:8a6a76bb-b525-4a85-a5e6-2947531e97e3,http://viaf.org/viaf/266360169
https://commons.cwrc.ca/orlando:8b6ec41a-ade3-4797-85e4-f36d590e2710,http://viaf.org/viaf/124959469
https://commons.cwrc.ca/orlando:8cdafc1f-dbea-4890-9b4b-4145abbd9541,http://viaf.org/viaf/313086845
https://commons.cwrc.ca/orlando:8e0944d3-a063-4eb3-b73f-02ab02d4ac61,http://viaf.org/viaf/127130809
https://commons.cwrc.ca/orlando:91cc60a1-5fc0-427a-b959-1f4193fc6baa,http://viaf.org/viaf/173251676
https://commons.cwrc.ca/orlando:92810427-6afc-4457-91b1-65207e930b59,http://viaf.org/viaf/565154380888630290180
https://commons.cwrc.ca/orlando:93cde812-c1cf-445f-9569-ecdd51c39693,http://viaf.org/viaf/127979069
https://commons.cwrc.ca/orlando:9a175136-8a95-431c-8afa-22de92f6e912,http://viaf.org/viaf/39150030775610962228
https://commons.cwrc.ca/orlando:9a5e5907-8f2b-4f7c-9cc5-acd81596a614,http://viaf.org/viaf/5770911
https://commons.cwrc.ca/orlando:9bcf95d1-c828-4a41-b004-19c15090058d,http://viaf.org/viaf/37673712
https://commons.cwrc.ca/orlando:9c4e89a2-83e4-4fd2-b0cc-d5249f285f04,http://viaf.org/viaf/146944844
https://commons.cwrc.ca/orlando:9ce4c72f-d2ef-4a13-bf42-d40a5738505b,http://viaf.org/viaf/311349386
https://commons.cwrc.ca/orlando:9e6fcd2f-21fb-4d2c-8c18-28d2469fea6d,http://viaf.org/viaf/139553701
https://commons.cwrc.ca/orlando:9fbc259c-02cd-446f-96f4-5aed11cbb78b,http://viaf.org/viaf/158650657
https://commons.cwrc.ca/orlando:a06d2c26-138a-43f4-8b15-2c0b1c64587f,http://viaf.org/viaf/121287478
https://commons.cwrc.ca/orlando:a090df26-497c-49b2-8618-7c216b87d12e,http://viaf.org/viaf/134109645
https://commons.cwrc.ca/orlando:a104547f-8a6f-4fe1-b5b8-7b49257333f8,http://viaf.org/viaf/123681958
https://commons.cwrc.ca/orlando:a1615e6e-1c3a-4361-ad46-f379655640d1,http://viaf.org/viaf/149958803
https://commons.cwrc.ca/orlando:a4a5f4d7-dce0-43c3-b8e6-7c30bfc2ce90,http://viaf.org/viaf/121971897
https://commons.cwrc.ca/orlando:a505bc69-27d3-44e0-a230-11f5ae2faf94,http://viaf.org/viaf/28967567
https://commons.cwrc.ca/orlando:a565299c-0abe-42ed-be68-ee7eaf3b0919,http://viaf.org/viaf/156269465
https://commons.cwrc.ca/orlando:a9469600-96f9-4f51-8c65-16220866e3ba,http://viaf.org/viaf/139568154
https://commons.cwrc.ca/orlando:aac59f12-48c2-4979-a40e-0d9eeba6e9ce,http://viaf.org/viaf/265628035
https://commons.cwrc.ca/orlando:aace004b-396b-4296-870f-21f7c6979cc6,http://viaf.org/viaf/138432217
https://commons.cwrc.ca/orlando:adc0ef35-31db-4439-a6c6-49309698ab1b,http://viaf.org/viaf/315242234
https://commons.cwrc.ca/orlando:ae825b26-2241-44d9-863b-179a0c5838cd,http://viaf.org/viaf/124280108
https://commons.cwrc.ca/orlando:aed43827-b5aa-4bab-81dc-46a23b409242,http://viaf.org/viaf/123865415
https://commons.cwrc.ca/orlando:aeefa4d3-c5b8-48d9-881f-417cbffee115,http://viaf.org/viaf/15008766
https://commons.cwrc.ca/orlando:b37161cf-6464-47cf-881b-ffd338359c71,http://viaf.org/viaf/130132158
https://commons.cwrc.ca/orlando:b5905053-a305-4567-a6be-dd2fb08e243f,http://viaf.org/viaf/145370293
https://commons.cwrc.ca/orlando:b591d117-79d6-443d-8c5b-683624150dbf,http://viaf.org/viaf/158047212
https://commons.cwrc.ca/orlando:b68b6ec1-dda9-4ecd-8b35-fc85dc2e6a31,http://viaf.org/viaf/155888541
https://commons.cwrc.ca/orlando:b8192b06-04d5-4db8-b41b-5d21a8ca7696,http://viaf.org/viaf/130276384
https://commons.cwrc.ca/orlando:b86c6213-53f1-4b82-b406-b5055d4537c3,http://viaf.org/viaf/127926910
https://commons.cwrc.ca/orlando:b8ac2ad8-b938-4e1d-8e71-582f5a67513e,http://viaf.org/viaf/127458402
https://commons.cwrc.ca/orlando:ba23a133-16d8-4b37-aee3-84266c0af563,http://viaf.org/viaf/251951772
https://commons.cwrc.ca/orlando:ba73538b-42a9-451d-b385-d46a5a33019f,http://viaf.org/viaf/129333745
https://commons.cwrc.ca/orlando:bbc610bb-d8f9-4223-a8d2-b6167ab504b2,http://viaf.org/viaf/132651880
https://commons.cwrc.ca/orlando:bc9a3861-ed2b-4e77-8682-e9eb743307ce,http://viaf.org/viaf/146649027
https://commons.cwrc.ca/orlando:bd7952dd-7277-4ed9-a68e-d83c42336e49,http://viaf.org/viaf/129171041
https://commons.cwrc.ca/orlando:be671e2f-de3f-4d35-b240-b7fe1da74fec,http://viaf.org/viaf/50271899
https://commons.cwrc.ca/orlando:c1a624be-a9d8-471f-a0d4-0c3856702756,http://viaf.org/viaf/312738538
https://commons.cwrc.ca/orlando:c2452f59-db42-4919-a810-e35314762800,http://viaf.org/viaf/167993560
https://commons.cwrc.ca/orlando:c27c0a5e-1d46-454a-a0f2-607fe8572507,http://viaf.org/viaf/306402845
https://commons.cwrc.ca/orlando:c2873ab5-0afa-413b-84a1-8c803cdedf11,http://viaf.org/viaf/144748692
https://commons.cwrc.ca/orlando:c2e1b8de-18d2-452c-8d2e-f50e61fa0948,http://viaf.org/viaf/1294149368873985980001
https://commons.cwrc.ca/orlando:c30baf89-cdca-488e-8c2f-d962d8a69a4c,http://viaf.org/viaf/127846763
https://commons.cwrc.ca/orlando:c54cccab-db7c-4888-addf-900e1466a17c,http://viaf.org/viaf/154038101
https://commons.cwrc.ca/orlando:c6f48638-03f5-4b27-8b19-7ca766b72d09,http://viaf.org/viaf/141922044
https://commons.cwrc.ca/orlando:c7999d67-3185-464b-b6d0-542a59e3c259,http://viaf.org/viaf/151371874
https://commons.cwrc.ca/orlando:cb251d3f-fa64-4dec-833d-c7dac68bdddd,http://viaf.org/viaf/136499357
https://commons.cwrc.ca/orlando:cb766dde-9a33-4cf2-9b88-52bb72010a98,http://viaf.org/viaf/131373685
https://commons.cwrc.ca/orlando:cb84b4a2-7fe7-4fb1-a7c4-85cd15f72fb3,http://viaf.org/viaf/90644401
https://commons.cwrc.ca/orlando:cbbd5bd0-1075-4b27-b17b-0f7e4b46da57,http://viaf.org/viaf/130458260
https://commons.cwrc.ca/orlando:cdb57c80-a03a-46c0-87e6-6680a4dde082,http://viaf.org/viaf/134878895
https://commons.cwrc.ca/orlando:ce1dc577-daef-4970-94fa-bc32cc080df0,http://viaf.org/viaf/265092408
https://commons.cwrc.ca/orlando:ce2c88c2-1ce4-4349-83ae-8454a9e8ce44,http://viaf.org/viaf/142395924
https://commons.cwrc.ca/orlando:cf14d596-a777-43a1-909d-b4997b1870d1,http://viaf.org/viaf/157245161
https://commons.cwrc.ca/orlando:d127f119-c5af-4156-918a-d9647da3d8c2,http://viaf.org/viaf/123220463
https://commons.cwrc.ca/orlando:d19b07a8-1a4b-4209-a696-53ee1082119d,http://viaf.org/viaf/34509981
https://commons.cwrc.ca/orlando:d4bafcfa-5739-480a-ad02-bc11ac21bf33,http://viaf.org/viaf/134443168
https://commons.cwrc.ca/orlando:d8b51908-5b85-40f4-98fd-0e3d1a161df9,http://viaf.org/viaf/136037399
https://commons.cwrc.ca/orlando:d8fd7370-34a0-4517-a42d-3f05d7428591,http://viaf.org/viaf/125513648
https://commons.cwrc.ca/orlando:de833654-30ed-419e-98dc-36d3ebe130e5,http://viaf.org/viaf/137251158
https://commons.cwrc.ca/orlando:deefa90a-1791-47e1-ab60-4e0a93a39485,http://viaf.org/viaf/294124461
https://commons.cwrc.ca/orlando:df7b038f-4e1d-4f17-81dd-a56089eacae6,http://viaf.org/viaf/130257644
https://commons.cwrc.ca/orlando:e561af49-e7f0-4737-97e3-981b912b05fb,http://viaf.org/viaf/134664707
https://commons.cwrc.ca/orlando:e60af7f5-6814-4927-96f7-dd97c5c24cea,http://viaf.org/viaf/129092275
https://commons.cwrc.ca/orlando:e6190424-7cd1-4e1b-87c8-d19553cbc699,http://viaf.org/viaf/155961891
https://commons.cwrc.ca/orlando:e6274979-905a-40dd-a0de-09aaec31ac06,http://viaf.org/viaf/151283596
https://commons.cwrc.ca/orlando:ea296c73-251f-4f0b-964e-9c521591ef01,http://viaf.org/viaf/151635949
https://commons.cwrc.ca/orlando:eaa1a4ee-6886-432c-8cd7-fea61619a6e6,http://viaf.org/viaf/154010484
https://commons.cwrc.ca/orlando:eb79193a-d29d-4f41-8b11-8d6977d0e9fa,http://viaf.org/viaf/158197516
https://commons.cwrc.ca/orlando:edff8e26-6fbc-4e40-a39c-dc83b3adab1d,http://viaf.org/viaf/123220463
https://commons.cwrc.ca/orlando:ee751e4d-f8f9-45c0-8a82-4565d88f809d,http://viaf.org/viaf/1247154137631715370007
https://commons.cwrc.ca/orlando:ee7ba286-cd7f-46f5-b6e5-366fc60df8e3,http://viaf.org/viaf/126764779
https://commons.cwrc.ca/orlando:f002a7c2-811c-47cc-891a-413f651417c2,http://viaf.org/viaf/149880181
https://commons.cwrc.ca/orlando:f01f6be3-65d0-4702-b11b-1f6ea1e3f656,http://viaf.org/viaf/129138489
https://commons.cwrc.ca/orlando:f0669685-c8a0-4c69-8873-9caca86bcc50,http://viaf.org/viaf/129472710
https://commons.cwrc.ca/orlando:f198662b-62f3-4d14-a5cb-df063e9f3af4,http://viaf.org/viaf/167837026
https://commons.cwrc.ca/orlando:f1d554cd-900e-4e51-9c1b-04ec8a46ea4b,http://viaf.org/viaf/143444973
https://commons.cwrc.ca/orlando:f246a89f-eb6b-4ed4-aaa6-11355b8b724b,http://viaf.org/viaf/60155767464927762653
https://commons.cwrc.ca/orlando:f2c08461-8c66-4a11-851d-888dffbdfb7e,http://viaf.org/viaf/121293252
https://commons.cwrc.ca/orlando:f39c9225-3478-427d-9e40-0dd386e038f6,http://viaf.org/viaf/51741707
https://commons.cwrc.ca/orlando:f468aa24-95ee-4c64-b7b1-33684e3d6166,http://viaf.org/viaf/175529333
https://commons.cwrc.ca/orlando:f5a98d96-117c-46bf-8a8a-ee2ed41b6a7f,http://viaf.org/viaf/134097999
https://commons.cwrc.ca/orlando:f690e0ce-0256-41e1-bd6d-949ee5ca8f86,http://viaf.org/viaf/151773916
https://commons.cwrc.ca/orlando:f91939aa-e572-4dda-a325-ea613cf1113d,http://viaf.org/viaf/133830549
https://commons.cwrc.ca/orlando:f976acd3-6331-4ec9-96dd-167533e9aeb2,http://viaf.org/viaf/142082115
https://commons.cwrc.ca/orlando:faf5a1a5-aa18-40d0-8897-1b47ef06a3dd,http://viaf.org/viaf/136434951
https://commons.cwrc.ca/orlando:fdc21a8a-f681-4ecc-93ee-aafc31e3db2c,http://viaf.org/viaf/153421486
https://commons.cwrc.ca/orlando:fe7dae9f-dcda-421c-b4de-3a1f235a9d4d,http://viaf.org/viaf/127676589
https://commons.cwrc.ca/orlando:ff5f68af-9cb5-4c2f-b0a8-db67f32639cc,http://viaf.org/viaf/152755326