orlando id,wikidata uri
aberfr,http://www.wikidata.org/entity/Q5478865
adamab,http://www.wikidata.org/entity/Q206191
adamsa,http://www.wikidata.org/entity/Q269879
addijo,http://www.wikidata.org/entity/Q206384
aikejo,http://www.wikidata.org/entity/Q263648
ainsha,http://www.wikidata.org/entity/Q518359
alcolo,http://www.wikidata.org/entity/Q185696
alexce,http://www.wikidata.org/entity/Q3364640
alisar,http://www.wikidata.org/entity/Q3289285
allegr,http://www.wikidata.org/entity/Q725248
allima,http://www.wikidata.org/entity/Q266205
allngi,http://www.wikidata.org/entity/Q5562188
amiehe,None
angeja,http://www.wikidata.org/entity/Q15490887
annali,http://www.wikidata.org/entity/Q4767237
arenha,None
arniel,None
arropa,http://www.wikidata.org/entity/Q7143192
ashfda,http://www.wikidata.org/entity/Q3496447
asqucy,http://www.wikidata.org/entity/Q3699902
athidi,http://www.wikidata.org/entity/Q1208781
atwoma,http://www.wikidata.org/entity/Q183492
audewh,http://www.wikidata.org/entity/Q178698
aulnma,http://www.wikidata.org/entity/Q260006
austsa,http://www.wikidata.org/entity/Q519645
ayreru,http://www.wikidata.org/entity/Q3446566
bacoan,http://www.wikidata.org/entity/Q475067
bagnen,http://www.wikidata.org/entity/Q447630
bailma,http://www.wikidata.org/entity/Q63762803
bakee2,http://www.wikidata.org/entity/Q5362366
baldlo,http://www.wikidata.org/entity/Q18528686
ballrm,None
bankis,http://www.wikidata.org/entity/Q6077927
bannhe,http://www.wikidata.org/entity/Q3275944
barbma,http://www.wikidata.org/entity/Q15459062
barhri,None
barkma,http://www.wikidata.org/entity/Q6778935
barnan,http://www.wikidata.org/entity/Q3510181
barndj,http://www.wikidata.org/entity/Q234721
barrem,http://www.wikidata.org/entity/Q18576148
barrma,None
bathel,http://www.wikidata.org/entity/Q58235425
baudch,None
beacsy,http://www.wikidata.org/entity/Q265562
beauam,None
beckly,http://www.wikidata.org/entity/Q276466
beckwi,http://www.wikidata.org/entity/Q361026
beerpa,http://www.wikidata.org/entity/Q7145461
behnap,http://www.wikidata.org/entity/Q231886
bellfr,http://www.wikidata.org/entity/Q5478523
bellgi,http://www.wikidata.org/entity/Q2080788
bennan,http://www.wikidata.org/entity/Q2827000
bensin,http://www.wikidata.org/entity/Q43396578
bensth,http://www.wikidata.org/entity/Q52306067
bentph,http://www.wikidata.org/entity/Q7188530
besawa,None
bethma,http://www.wikidata.org/entity/Q450610
beveel,http://www.wikidata.org/entity/Q19872959
biddhe,http://www.wikidata.org/entity/Q19871225
birdis,http://www.wikidata.org/entity/Q288210
blacan,None
blaccl,http://www.wikidata.org/entity/Q4088416
blache,http://www.wikidata.org/entity/Q1601816
blacrd,http://www.wikidata.org/entity/Q3316148
blakwi,http://www.wikidata.org/entity/Q41513
blauba,http://www.wikidata.org/entity/Q18756605
blesma,http://www.wikidata.org/entity/Q459501
blyten,http://www.wikidata.org/entity/Q192069
bodiba,http://www.wikidata.org/entity/Q2370725
bolaea,http://www.wikidata.org/entity/Q5331464
bootfr,http://www.wikidata.org/entity/Q1440790
bottph,http://www.wikidata.org/entity/Q2089198
boucje,http://www.wikidata.org/entity/Q6187638
bowdhe,http://www.wikidata.org/entity/Q15433713
boweel,http://www.wikidata.org/entity/Q235308
bowema,http://www.wikidata.org/entity/Q536979
bowlwi,None
boydel,http://www.wikidata.org/entity/Q18546156
bradan,http://www.wikidata.org/entity/Q242332
bradm2,None
bramch,http://www.wikidata.org/entity/Q5086063
brasan,http://www.wikidata.org/entity/Q435426
brazan,http://www.wikidata.org/entity/Q4762392
bretdo,http://www.wikidata.org/entity/Q1250269
bridel,http://www.wikidata.org/entity/Q5362712
britve,http://www.wikidata.org/entity/Q450802
bronch,http://www.wikidata.org/entity/Q127332
brooan,http://www.wikidata.org/entity/Q237687
brooch,http://www.wikidata.org/entity/Q5085868
broofr,http://www.wikidata.org/entity/Q729541
bropbr,http://www.wikidata.org/entity/Q441494
brourh,http://www.wikidata.org/entity/Q449136
browfr,http://www.wikidata.org/entity/Q5478537
browma,http://www.wikidata.org/entity/Q18674185
brunma,http://www.wikidata.org/entity/Q3296149
bryama,http://www.wikidata.org/entity/Q3290467
buchjo,http://www.wikidata.org/entity/Q333004
buckhe,None
bulsci,http://www.wikidata.org/entity/Q5056510
bunbse,http://www.wikidata.org/entity/Q7448449
burcja,http://www.wikidata.org/entity/Q59945
burkjo,http://www.wikidata.org/entity/Q5590336
burnf2,http://www.wikidata.org/entity/Q276028
burnro,http://www.wikidata.org/entity/Q81960
burtca,http://www.wikidata.org/entity/Q5052097
burych,http://www.wikidata.org/entity/Q3666710
bussdo,http://www.wikidata.org/entity/Q3037160
butljo,http://www.wikidata.org/entity/Q225863
buttma,http://www.wikidata.org/entity/Q2235837
byroau,http://www.wikidata.org/entity/Q7259
byroge,http://www.wikidata.org/entity/Q5679
cablmi,http://www.wikidata.org/entity/Q510841
caesma,http://www.wikidata.org/entity/Q18576714
cairel,http://www.wikidata.org/entity/Q63617574
caldma,http://www.wikidata.org/entity/Q18528942
cambad,http://www.wikidata.org/entity/Q374462
campdo,http://www.wikidata.org/entity/Q5298255
cannjo,http://www.wikidata.org/entity/Q6205789
carema,http://www.wikidata.org/entity/Q6779176
carlja,http://www.wikidata.org/entity/Q6152913
carlth,http://www.wikidata.org/entity/Q151403
carrdo,http://www.wikidata.org/entity/Q242546
carrle,None
carsca,http://www.wikidata.org/entity/Q1050940
cartba,http://www.wikidata.org/entity/Q235965
carylu,http://www.wikidata.org/entity/Q28053546
caryma,http://www.wikidata.org/entity/Q3850435
cathwi,http://www.wikidata.org/entity/Q229480
caveja,http://www.wikidata.org/entity/Q13129300
celedo,http://www.wikidata.org/entity/Q4556068
centsu,http://www.wikidata.org/entity/Q931103
chamma,http://www.wikidata.org/entity/Q55381444
chanla,http://www.wikidata.org/entity/Q6499284
chaphe,http://www.wikidata.org/entity/Q1796535
charch,http://www.wikidata.org/entity/Q3666715
charma,http://www.wikidata.org/entity/Q18762037
chatth,None
chekan,None
chidka,http://www.wikidata.org/entity/Q6376326
chisca,http://www.wikidata.org/entity/Q5045013
chopka,http://www.wikidata.org/entity/Q230476
chripi,http://www.wikidata.org/entity/Q234816
churca,http://www.wikidata.org/entity/Q463574
clanka,http://www.wikidata.org/entity/Q6375431
clarch,None
clargi,http://www.wikidata.org/entity/Q5562222
clarmc,http://www.wikidata.org/entity/Q4222976
clerag,http://www.wikidata.org/entity/Q2826927
clifan,http://www.wikidata.org/entity/Q4943112
clouar,None
cobbfr,http://www.wikidata.org/entity/Q466162
coddcl,http://www.wikidata.org/entity/Q18559708
colech,http://www.wikidata.org/entity/Q5109046
colema,http://www.wikidata.org/entity/Q433136
colesa,None
collja,http://www.wikidata.org/entity/Q6151265
collm3,http://www.wikidata.org/entity/Q19324861
collwi,None
comtau,None
conrjo,http://www.wikidata.org/entity/Q82925
cookan,http://www.wikidata.org/entity/Q18592937
cookca,http://www.wikidata.org/entity/Q292223
coopel,http://www.wikidata.org/entity/Q60304242
coopma,http://www.wikidata.org/entity/Q19369200
corema,http://www.wikidata.org/entity/Q263254
cornca,http://www.wikidata.org/entity/Q5045023
corpha,None
courwi,http://www.wikidata.org/entity/Q4248930
cowaro,http://www.wikidata.org/entity/Q7367223
cowlha,http://www.wikidata.org/entity/Q3126838
cowpsa,http://www.wikidata.org/entity/Q18576990
craidi,http://www.wikidata.org/entity/Q2331155
craige,http://www.wikidata.org/entity/Q4240054
craiis,http://www.wikidata.org/entity/Q18721964
crokbm,http://www.wikidata.org/entity/Q4918859
crokma,http://www.wikidata.org/entity/Q18576679
cromri,http://www.wikidata.org/entity/Q2402392
crosvi,http://www.wikidata.org/entity/Q567045
cullha,http://www.wikidata.org/entity/Q4943759
cunnma,http://www.wikidata.org/entity/Q18576680
cuthca,http://www.wikidata.org/entity/Q5052618
dacrba,http://www.wikidata.org/entity/Q4859466
damean,http://www.wikidata.org/entity/Q1246573
danis2,http://www.wikidata.org/entity/Q7422233
danval,http://www.wikidata.org/entity/Q4726245
darwma,http://www.wikidata.org/entity/Q6780950
davese,http://www.wikidata.org/entity/Q15440636
davire,http://www.wikidata.org/entity/Q2890486
davysa,http://www.wikidata.org/entity/Q58316709
deevte,None
defoda,http://www.wikidata.org/entity/Q40946
delael,http://www.wikidata.org/entity/Q6929950
delama,http://www.wikidata.org/entity/Q510352
dellet,http://www.wikidata.org/entity/Q4944529
dequth,http://www.wikidata.org/entity/Q317160
despch,http://www.wikidata.org/entity/Q432717
devlan,http://www.wikidata.org/entity/Q4768265
devoge,http://www.wikidata.org/entity/Q235644
dickem,http://www.wikidata.org/entity/Q4441
dickmo,http://www.wikidata.org/entity/Q273311
diltwi,http://www.wikidata.org/entity/Q60080
disrbe,http://www.wikidata.org/entity/Q82006
dixoel,http://www.wikidata.org/entity/Q5364510
dobesy,http://www.wikidata.org/entity/Q3540415
docwan,http://www.wikidata.org/entity/Q22997992
doregu,http://www.wikidata.org/entity/Q6682
dougel,http://www.wikidata.org/entity/Q55967072
dowime,http://www.wikidata.org/entity/Q554629
dowran,http://www.wikidata.org/entity/Q4768284
drabma,http://www.wikidata.org/entity/Q239307
drumma,http://www.wikidata.org/entity/Q18674222
dubefr,http://www.wikidata.org/entity/Q5434027
duffca,http://www.wikidata.org/entity/Q237994
duffma,http://www.wikidata.org/entity/Q6792669
dumada,http://www.wikidata.org/entity/Q193357
dunlel,http://www.wikidata.org/entity/Q21537252
dunnne,http://www.wikidata.org/entity/Q6990005
dysoke,http://www.wikidata.org/entity/Q28921814
edenem,http://www.wikidata.org/entity/Q5372152
edgima,http://www.wikidata.org/entity/Q6796494
egerge,http://www.wikidata.org/entity/Q273207
eliots,http://www.wikidata.org/entity/Q37767
ellic2,http://www.wikidata.org/entity/Q15921793
elligr,http://www.wikidata.org/entity/Q445005
elsana,http://www.wikidata.org/entity/Q238514
elwoan,http://www.wikidata.org/entity/Q18526497
emerra,http://www.wikidata.org/entity/Q48226
enrian,http://www.wikidata.org/entity/Q73176
equiol,None
evanka,http://www.wikidata.org/entity/Q18831211
evarbe,http://www.wikidata.org/entity/Q4893827
fagema,http://www.wikidata.org/entity/Q6779511
fairzo,http://www.wikidata.org/entity/Q14949115
falcan,http://www.wikidata.org/entity/Q4767295
fanevi,http://www.wikidata.org/entity/Q4102530
fansca,http://www.wikidata.org/entity/Q5052806
farjel,http://www.wikidata.org/entity/Q258669
fawcmi,http://www.wikidata.org/entity/Q442818
feinel,http://www.wikidata.org/entity/Q5353211
fellma,http://www.wikidata.org/entity/Q524860
fenwel,http://www.wikidata.org/entity/Q5362128
fernfa,http://www.wikidata.org/entity/Q3066458
fielhe,http://www.wikidata.org/entity/Q34190
fielsa,http://www.wikidata.org/entity/Q467935
figeev,http://www.wikidata.org/entity/Q216098
fishan,http://www.wikidata.org/entity/Q4766395
fitzed,http://www.wikidata.org/entity/Q532457
flaugu,http://www.wikidata.org/entity/Q43444
fletma,http://www.wikidata.org/entity/Q16857609
fordfo,http://www.wikidata.org/entity/Q537112
formch,http://www.wikidata.org/entity/Q18575987
forsjo,http://www.wikidata.org/entity/Q951193
fortma,http://www.wikidata.org/entity/Q6779568
fothje,http://www.wikidata.org/entity/Q17354425
franan,http://www.wikidata.org/entity/Q4768349
franpa,http://www.wikidata.org/entity/Q7129150
frasch,http://www.wikidata.org/entity/Q15983990
frekel,http://www.wikidata.org/entity/Q18528570
frouja,http://www.wikidata.org/entity/Q1679958
fry_ro,http://www.wikidata.org/entity/Q547470
fullma,http://www.wikidata.org/entity/Q257953
fygesa,http://www.wikidata.org/entity/Q7422320
galsjo,http://www.wikidata.org/entity/Q82248
gardsa,http://www.wikidata.org/entity/Q17355025
garrda,http://www.wikidata.org/entity/Q222390
gattma,http://www.wikidata.org/entity/Q1382113
gawtma,http://www.wikidata.org/entity/Q6779623
gemspa,http://www.wikidata.org/entity/Q4949774
gerado,http://www.wikidata.org/entity/Q3714361
gerska,http://www.wikidata.org/entity/Q15493199
gibbst,http://www.wikidata.org/entity/Q1252645
gidean,http://www.wikidata.org/entity/Q47484
gilban,http://www.wikidata.org/entity/Q4766705
gilmch,http://www.wikidata.org/entity/Q287752
glasha,http://www.wikidata.org/entity/Q531876
glovev,None
goddru,http://www.wikidata.org/entity/Q434735
godwwi,http://www.wikidata.org/entity/Q188569
gomean,None
goocel,http://www.wikidata.org/entity/Q27959672
gordna,None
goreev,http://www.wikidata.org/entity/Q5415056
graffr,http://www.wikidata.org/entity/Q449451
granel,http://www.wikidata.org/entity/Q1331206
gravcl,http://www.wikidata.org/entity/Q5135590
grayth,http://www.wikidata.org/entity/Q315516
greege,http://www.wikidata.org/entity/Q103591
greehe,http://www.wikidata.org/entity/Q1285562
greesa,http://www.wikidata.org/entity/Q7422351
greyca,None
grieco,http://www.wikidata.org/entity/Q5163680
grifha,http://www.wikidata.org/entity/Q18716183
guesch,None
gunnsu,http://www.wikidata.org/entity/Q7648722
halesa,http://www.wikidata.org/entity/Q430639
hallan,http://www.wikidata.org/entity/Q562000
ham_el,http://www.wikidata.org/entity/Q18922203
hamie2,http://www.wikidata.org/entity/Q18875779
hamija,http://www.wikidata.org/entity/Q6153384
hamnni,http://www.wikidata.org/entity/Q449054
handir,http://www.wikidata.org/entity/Q6069046
hardiz,http://www.wikidata.org/entity/Q63614225
hardth,http://www.wikidata.org/entity/Q132805
harlbr,http://www.wikidata.org/entity/Q245971
harrbe,http://www.wikidata.org/entity/Q4877157
harvja,http://www.wikidata.org/entity/Q18576412
hattan,http://www.wikidata.org/entity/Q4766446
hawkan,http://www.wikidata.org/entity/Q4766445
hawkla,http://www.wikidata.org/entity/Q6471146
haysma,http://www.wikidata.org/entity/Q1797831
hazlwi,http://www.wikidata.org/entity/Q126596
heanse,http://www.wikidata.org/entity/Q93356
helo__,http://www.wikidata.org/entity/Q5656
herblu,http://www.wikidata.org/entity/Q6698360
hertfr,http://www.wikidata.org/entity/Q46464025
heyege,http://www.wikidata.org/entity/Q272706
hickem,http://www.wikidata.org/entity/Q5372212
highpa,http://www.wikidata.org/entity/Q270635
hillis,http://www.wikidata.org/entity/Q18671521
hillsu,http://www.wikidata.org/entity/Q269982
hobyma,http://www.wikidata.org/entity/Q6470399
hoflba,http://www.wikidata.org/entity/Q4858983
holcth,http://www.wikidata.org/entity/Q1114941
holfma,http://www.wikidata.org/entity/Q16239933
holmco,http://www.wikidata.org/entity/Q5163540
hootel,http://www.wikidata.org/entity/Q5362990
hopkge,http://www.wikidata.org/entity/Q313693
hornri,http://www.wikidata.org/entity/Q346599
housae,http://www.wikidata.org/entity/Q351410
howael,http://www.wikidata.org/entity/Q3723404
howian,http://www.wikidata.org/entity/Q4767321
hrotga,http://www.wikidata.org/entity/Q170248
hullem,http://www.wikidata.org/entity/Q1287924
humeso,http://www.wikidata.org/entity/Q7562889
huntle,http://www.wikidata.org/entity/Q655213
huntvi,http://www.wikidata.org/entity/Q1677011
hutclu,http://www.wikidata.org/entity/Q6698372
huttlu,None
huxlel,http://www.wikidata.org/entity/Q5367730
inchel,http://www.wikidata.org/entity/Q469974
inneka,http://www.wikidata.org/entity/Q37995032
iriglu,http://www.wikidata.org/entity/Q28918
ishael,http://www.wikidata.org/entity/Q16203822
jacona,http://www.wikidata.org/entity/Q6964648
jacsma,http://www.wikidata.org/entity/Q18936200
jamean,http://www.wikidata.org/entity/Q274627
jamehe,http://www.wikidata.org/entity/Q170509
jamest,http://www.wikidata.org/entity/Q541812
jay_ha,http://www.wikidata.org/entity/Q5664411
jellan,http://www.wikidata.org/entity/Q287829
jenkhe,http://www.wikidata.org/entity/Q18671380
jessft,http://www.wikidata.org/entity/Q5424057
jewesa,http://www.wikidata.org/entity/Q444995
jewsma,http://www.wikidata.org/entity/Q17355615
jhabru,http://www.wikidata.org/entity/Q235759
johnch,http://www.wikidata.org/entity/Q5109767
johnja,http://www.wikidata.org/entity/Q58331117
johnp2,http://www.wikidata.org/entity/Q2716914
johnsa,http://www.wikidata.org/entity/Q183266
joneeb,http://www.wikidata.org/entity/Q22018772
joscel,http://www.wikidata.org/entity/Q5362480
julino,http://www.wikidata.org/entity/Q236699
kanesa,http://www.wikidata.org/entity/Q231141
kavaan,http://www.wikidata.org/entity/Q287679
kayesh,http://www.wikidata.org/entity/Q4958416
kazaju,http://www.wikidata.org/entity/Q15442336
kearan,http://www.wikidata.org/entity/Q4769327
kellis,http://www.wikidata.org/entity/Q6078021
kembad,None
kembma,http://www.wikidata.org/entity/Q15632180
kendma,http://www.wikidata.org/entity/Q15452571
kilhha,http://www.wikidata.org/entity/Q5648873
kindje,http://www.wikidata.org/entity/Q18530008
kingfa,http://www.wikidata.org/entity/Q18922239
kingma,http://www.wikidata.org/entity/Q235525
kiplru,http://www.wikidata.org/entity/Q34743
knigel,http://www.wikidata.org/entity/Q3723540
kortfa,http://www.wikidata.org/entity/Q18576173
lafama,http://www.wikidata.org/entity/Q237090
lamban,http://www.wikidata.org/entity/Q457511
lambma,http://www.wikidata.org/entity/Q276126
larkph,http://www.wikidata.org/entity/Q313758
laskma,http://www.wikidata.org/entity/Q6760327
laurma,http://www.wikidata.org/entity/Q443591
lavima,http://www.wikidata.org/entity/Q3296204
lawrdh,http://www.wikidata.org/entity/Q34970
law_wi,http://www.wikidata.org/entity/Q3177480
leadma,http://www.wikidata.org/entity/Q6780062
leapma,http://www.wikidata.org/entity/Q15493900
lee_ha,http://www.wikidata.org/entity/Q1125856
lee_ve,http://www.wikidata.org/entity/Q2669614
leguur,http://www.wikidata.org/entity/Q181659
leigdo,http://www.wikidata.org/entity/Q19039458
lennch,http://www.wikidata.org/entity/Q441757
leplal,http://www.wikidata.org/entity/Q74918
lestel,None
levede,http://www.wikidata.org/entity/Q272042
levyan,http://www.wikidata.org/entity/Q494257
lewege,http://www.wikidata.org/entity/Q1275943
lewisa,http://www.wikidata.org/entity/Q5400921
lickis,http://www.wikidata.org/entity/Q18783709
lincel,http://www.wikidata.org/entity/Q18576121
linsma,http://www.wikidata.org/entity/Q18529191
listan,http://www.wikidata.org/entity/Q2745195
livepe,http://www.wikidata.org/entity/Q262274
lockan,http://www.wikidata.org/entity/Q4768546
loftno,http://www.wikidata.org/entity/Q1792237
longma,http://www.wikidata.org/entity/Q7782911
loudja,http://www.wikidata.org/entity/Q514667
loy_mi,http://www.wikidata.org/entity/Q470063
luckcl,http://www.wikidata.org/entity/Q63762630
lyaled,http://www.wikidata.org/entity/Q4678251
lyttco,http://www.wikidata.org/entity/Q6470046
lytted,http://www.wikidata.org/entity/Q335493
macaca,http://www.wikidata.org/entity/Q538767
macath,http://www.wikidata.org/entity/Q315989
mackan,None
macksh,http://www.wikidata.org/entity/Q7494144
macqka,http://www.wikidata.org/entity/Q18879860
mailel,http://www.wikidata.org/entity/Q464376
majoel,http://www.wikidata.org/entity/Q19325552
malelu,None
mandbe,http://www.wikidata.org/entity/Q379912
manlde,None
mannet,None
manska,http://www.wikidata.org/entity/Q270632
marcja,None
marifr,http://www.wikidata.org/entity/Q5617
marije,http://www.wikidata.org/entity/Q1131305
marlch,http://www.wikidata.org/entity/Q28975
marsan,http://www.wikidata.org/entity/Q565581
marsdo,None
marska,http://www.wikidata.org/entity/Q546303
marsng,http://www.wikidata.org/entity/Q234392
martha,http://www.wikidata.org/entity/Q234570
marxka,http://www.wikidata.org/entity/Q9061
mastma,None
mathhe,None
mayofl,None
mccama,http://www.wikidata.org/entity/Q268147
mcgume,None
meadlt,http://www.wikidata.org/entity/Q6456649
meekel,None
melvhe,http://www.wikidata.org/entity/Q4985
merelo,None
mew_ch,None
meynvi,None
mildgr,None
millan,http://www.wikidata.org/entity/Q4766772
milled,http://www.wikidata.org/entity/Q62134
milnch,None
minima,None
mitcna,None
mitfna,None
moggde,http://www.wikidata.org/entity/Q3020878
mollma,None
montel,http://www.wikidata.org/entity/Q443320
montma,None
moodsu,None
moorma,http://www.wikidata.org/entity/Q278495
mordel,None
morema,None
morrja,http://www.wikidata.org/entity/Q3395844
morrto,http://www.wikidata.org/entity/Q72334
mortpe,None
mossce,None
mossma,None
mozlan,None
muirwi,None
munral,http://www.wikidata.org/entity/Q234819
murdir,None
murreu,http://www.wikidata.org/entity/Q18528921
murrju,http://www.wikidata.org/entity/Q44922
nadeco,None
nairca,http://www.wikidata.org/entity/Q5044865
nesbe_,http://www.wikidata.org/entity/Q231708
newtis,http://www.wikidata.org/entity/Q935
nichgr,http://www.wikidata.org/entity/Q5591324
nighfl,http://www.wikidata.org/entity/Q37103
nithwi,http://www.wikidata.org/entity/Q8025410
norrjo,http://www.wikidata.org/entity/Q3182195
nortfr,http://www.wikidata.org/entity/Q5478870
nottka,None
obrich,None
obrika,http://www.wikidata.org/entity/Q444315
ogilel,None
okeead,None
olseti,http://www.wikidata.org/entity/Q272393
oneifr,None
orczem,http://www.wikidata.org/entity/Q234530
osbodo,http://www.wikidata.org/entity/Q379445
ouid__,http://www.wikidata.org/entity/Q258001
oyeyhe,None
pagais,http://www.wikidata.org/entity/Q6077720
painth,http://www.wikidata.org/entity/Q126462
palmma,None
pankem,None
pantmo,None
parkbe,None
parkem,None
parrka,http://www.wikidata.org/entity/Q192943
parsel,None
patewa,http://www.wikidata.org/entity/Q352528
patrmr,http://www.wikidata.org/entity/Q22958074
pearsu,None
peisma,None
penima,http://www.wikidata.org/entity/Q15485058
pethem,None
pfeiem,None
philca,http://www.wikidata.org/entity/Q5052870
philte,http://www.wikidata.org/entity/Q18757134
pilkla,None
pintha,http://www.wikidata.org/entity/Q41042
pittru,None
plaije,http://www.wikidata.org/entity/Q142106
pluma2,http://www.wikidata.org/entity/Q18526491
plumce,None
polwel,http://www.wikidata.org/entity/Q5363367
pordel,http://www.wikidata.org/entity/Q529601
portja,http://www.wikidata.org/entity/Q3161890
pounez,http://www.wikidata.org/entity/Q163366
procad,http://www.wikidata.org/entity/Q4681673
pughsh,http://www.wikidata.org/entity/Q7492394
purcsa,http://www.wikidata.org/entity/Q7405263
quinan,http://www.wikidata.org/entity/Q4766633
radcma,http://www.wikidata.org/entity/Q16191085
ramapa,http://www.wikidata.org/entity/Q94889
rathha,http://www.wikidata.org/entity/Q5648886
reevcl,http://www.wikidata.org/entity/Q449489
renama,http://www.wikidata.org/entity/Q235354
reynfr,None
rhysje,http://www.wikidata.org/entity/Q230598
richdo,http://www.wikidata.org/entity/Q447268
richhe,http://www.wikidata.org/entity/Q443398
riddch,http://www.wikidata.org/entity/Q5086114
ridila,http://www.wikidata.org/entity/Q3312332
rigbel,http://www.wikidata.org/entity/Q513142
ritcan,http://www.wikidata.org/entity/Q565833
robeem,http://www.wikidata.org/entity/Q5372941
robemi,http://www.wikidata.org/entity/Q6838015
robiam,http://www.wikidata.org/entity/Q517162
robiem,http://www.wikidata.org/entity/Q18670210
robiis,None
rochjo,http://www.wikidata.org/entity/Q358912
ropema,http://www.wikidata.org/entity/Q517791
rossca,None
rossda,http://www.wikidata.org/entity/Q186748
rousje,http://www.wikidata.org/entity/Q6527
roweel,http://www.wikidata.org/entity/Q3051267
rowssu,http://www.wikidata.org/entity/Q458822
roydna,http://www.wikidata.org/entity/Q19324986
ruckbe,http://www.wikidata.org/entity/Q289990
ruskjo,http://www.wikidata.org/entity/Q179126
russje,None
rymeja,None
sackvi,http://www.wikidata.org/entity/Q235505
sandma,http://www.wikidata.org/entity/Q18528974
savama,None
saviet,http://www.wikidata.org/entity/Q18921132
schima,http://www.wikidata.org/entity/Q6778952
schuan,http://www.wikidata.org/entity/Q255261
scotca,http://www.wikidata.org/entity/Q16210361
scotma,http://www.wikidata.org/entity/Q6780689
scotwa,http://www.wikidata.org/entity/Q79025
scudma,http://www.wikidata.org/entity/Q237095
sedgca,None
sevima,http://www.wikidata.org/entity/Q237103
sewean,http://www.wikidata.org/entity/Q258741
sewema,http://www.wikidata.org/entity/Q6780991
shakwi,http://www.wikidata.org/entity/Q692
shapjo,http://www.wikidata.org/entity/Q14948636
sharja,None
shawge,http://www.wikidata.org/entity/Q19185
shelma,http://www.wikidata.org/entity/Q47152
shepna,http://www.wikidata.org/entity/Q13511896
sherma,http://www.wikidata.org/entity/Q6780258
shieca,http://www.wikidata.org/entity/Q259956
shirem,http://www.wikidata.org/entity/Q5372034
shorlo,http://www.wikidata.org/entity/Q18751052
showmr,http://www.wikidata.org/entity/Q58332850
siddel,http://www.wikidata.org/entity/Q465000
sidnph,http://www.wikidata.org/entity/Q315509
sigoly,http://www.wikidata.org/entity/Q4418695
simcel,http://www.wikidata.org/entity/Q1331315
sincma,http://www.wikidata.org/entity/Q1131497
skenfe,http://www.wikidata.org/entity/Q1403036
sleael,None
smedco,None
smital,None
smitdo,None
smitlu,None
smitza,None
smytet,http://www.wikidata.org/entity/Q236599
smytsu,None
somema,http://www.wikidata.org/entity/Q268702
soutjo,None
sowegi,None
spegra,None
spenel,None
spenhe,http://www.wikidata.org/entity/Q144535
staege,http://www.wikidata.org/entity/Q123041
starma,None
steea2,http://www.wikidata.org/entity/Q15506168
steefl,http://www.wikidata.org/entity/Q5460275
steige,http://www.wikidata.org/entity/Q188385
sterla,http://www.wikidata.org/entity/Q218960
stewma,http://www.wikidata.org/entity/Q271111
stjoch,None
stonel,None
stopch,http://www.wikidata.org/entity/Q5085871
storle,http://www.wikidata.org/entity/Q6530542
stowha,http://www.wikidata.org/entity/Q102513
strama,http://www.wikidata.org/entity/Q6779099
strehe,None
streno,None
striel,None
struja,None
stualo,http://www.wikidata.org/entity/Q245935
sumble,None
swanan,None
swinal,http://www.wikidata.org/entity/Q315511
syngjm,http://www.wikidata.org/entity/Q213447
tatlel,None
taylan,http://www.wikidata.org/entity/Q18526488
taylha,None
taylja,http://www.wikidata.org/entity/Q4259798
teftel,None
tennal,http://www.wikidata.org/entity/Q173869
tennta,http://www.wikidata.org/entity/Q7673085
thacwi,http://www.wikidata.org/entity/Q167768
thimge,http://www.wikidata.org/entity/Q16211166
thiran,None
thome2,http://www.wikidata.org/entity/Q5363613
thomfl,None
thurka,http://www.wikidata.org/entity/Q6376559
tindhe,http://www.wikidata.org/entity/Q19325913
tippel,None
tomlel,None
townsu,None
trapan,None
travre,None
treevi,None
tremro,None
trimsa,None
trolan,http://www.wikidata.org/entity/Q318399
trolfr,None
trotca,None
trutso,http://www.wikidata.org/entity/Q105180
tweesu,http://www.wikidata.org/entity/Q7647623
tynaka,None
tytlha,http://www.wikidata.org/entity/Q55218200
undeev,None
vardja,None
velema,None
villli,None
vokijo,None
waddhe,http://www.wikidata.org/entity/Q540168
walflu,http://www.wikidata.org/entity/Q6698204
walkan,None
walkma,http://www.wikidata.org/entity/Q18576739
walldo,None
walpho,http://www.wikidata.org/entity/Q309903
wardm2,http://www.wikidata.org/entity/Q291061
warian,None
warnsy,None
warrme,http://www.wikidata.org/entity/Q2338545
warwma,http://www.wikidata.org/entity/Q6780600
watesa,http://www.wikidata.org/entity/Q237555
wattsu,None
weavha,None
webbma,http://www.wikidata.org/entity/Q2306224
wedgju,None
weldfa,http://www.wikidata.org/entity/Q239501
wellhe,None
welteu,http://www.wikidata.org/entity/Q259364
wentan,None
wertti,None
weslsu,None
westre,None
whared,http://www.wikidata.org/entity/Q276032
wheeag,http://www.wikidata.org/entity/Q18935963
whipdo,None
whitan,http://www.wikidata.org/entity/Q509528
whitel,http://www.wikidata.org/entity/Q58331386
whitjo,http://www.wikidata.org/entity/Q21401486
wickan,None
wildja,http://www.wikidata.org/entity/Q272303
wilksa,None
willan,http://www.wikidata.org/entity/Q772966
willja,http://www.wikidata.org/entity/Q6152943
wilset,http://www.wikidata.org/entity/Q5403231
wilsha,None
wintje,None
wiseja,http://www.wikidata.org/entity/Q6152955
wollha,None
wooda_,http://www.wikidata.org/entity/Q58317174
woodem,http://www.wikidata.org/entity/Q63762604
woolvi,http://www.wikidata.org/entity/Q40909
worddo,None
wrigfr,http://www.wikidata.org/entity/Q441537
wrigsu,http://www.wikidata.org/entity/Q19288404
yearan,http://www.wikidata.org/entity/Q4766761
yongch,http://www.wikidata.org/entity/Q433098
younma,http://www.wikidata.org/entity/Q58321219