http://cwrc.ca/cwrcdata/Abdy_Maria,abdyma,FEMALE 
http://cwrc.ca/cwrcdata/Abergavenny_Frances_Neville_Baroness,aberfr,FEMALE 
http://cwrc.ca/cwrcdata/Ackland_Valentine,acklva,FEMALE 
http://cwrc.ca/cwrcdata/Adams_Abigail,adamab,FEMALE 
http://cwrc.ca/cwrcdata/Adams_Henry_Brooks,adamhe,MALE 
http://cwrc.ca/cwrcdata/Adams_Sarah_Flower,adamsa,FEMALE 
http://cwrc.ca/cwrcdata/Adcock_Fleur,adcofl,FEMALE 
http://cwrc.ca/cwrcdata/Addison_Joseph,addijo,MALE 
http://cwrc.ca/cwrcdata/Aguilar_Grace,aguigr,FEMALE 
http://cwrc.ca/cwrcdata/Aiken_Joan,aikejo,FEMALE 
http://cwrc.ca/cwrcdata/Aikin_Lucy,aikilu,FEMALE 
http://cwrc.ca/cwrcdata/Ainsworth_William_Harrison,ainsha,MALE 
http://cwrc.ca/cwrcdata/Akhmatova_Anna,akhman,FEMALE 
http://cwrc.ca/cwrcdata/Alcott_Louisa_May,alcolo,FEMALE 
http://cwrc.ca/cwrcdata/Alderman_Naomi,aldena,FEMALE 
http://cwrc.ca/cwrcdata/Alexander_Cecil_Frances,alexce,FEMALE 
http://cwrc.ca/cwrcdata/Alexander_Mrs,alexmr,FEMALE 
http://cwrc.ca/cwrcdata/Alison_Archibald_1792_-_1867,alisar,MALE 
http://cwrc.ca/cwrcdata/Allatini_Rose,allaro,FEMALE 
http://cwrc.ca/cwrcdata/Allen_Grant,allegr,MALE 
http://cwrc.ca/cwrcdata/Allen_Hannah,alleha,FEMALE 
http://cwrc.ca/cwrcdata/Allingham_Margery,allima,FEMALE 
http://cwrc.ca/cwrcdata/Allingham_William,alliwi,MALE 
http://cwrc.ca/cwrcdata/Allnutt_Gillian,allngi,FEMALE 
http://cwrc.ca/cwrcdata/Alma-Tadema_Laurence,almala,FEMALE 
http://cwrc.ca/cwrcdata/Amiel_Henri-Frederic,amiehe,MALE 
http://cwrc.ca/cwrcdata/Andersen_Hans_Christian,andeha,MALE 
http://cwrc.ca/cwrcdata/Angelou_Maya,angema,FEMALE 
http://cwrc.ca/cwrcdata/Anger_Jane,angeja,FEMALE 
http://cwrc.ca/cwrcdata/Anna_Livia,annali,FEMALE 
http://cwrc.ca/cwrcdata/Anspach_Elizabeth_Margravine_of,anspel,FEMALE 
http://cwrc.ca/cwrcdata/Arendt_Hannah,arenha,FEMALE 
http://cwrc.ca/cwrcdata/Ariadne,aria__,FEMALE 
http://cwrc.ca/cwrcdata/Arnold_Matthew,arnoma,MALE 
http://cwrc.ca/cwrcdata/Arrowsmith_Pat,arropa,FEMALE 
http://cwrc.ca/cwrcdata/Ashbridge_Elizabeth,ashbel,FEMALE 
http://cwrc.ca/cwrcdata/Ashford_Daisy,ashfda,FEMALE 
http://cwrc.ca/cwrcdata/Askew_Anne,askean,FEMALE 
http://cwrc.ca/cwrcdata/Asquith_Lady_Cynthia,asqucy,FEMALE 
http://cwrc.ca/cwrcdata/Astell_Mary,astema,FEMALE 
http://cwrc.ca/cwrcdata/Athill_Diana,athidi,FEMALE 
http://cwrc.ca/cwrcdata/Atkins_Anna,atkian,FEMALE 
http://cwrc.ca/cwrcdata/Atwood_Margaret,atwoma,FEMALE 
http://cwrc.ca/cwrcdata/Aubin_Penelope,aubipe,FEMALE 
http://cwrc.ca/cwrcdata/Auden_W_H,audewh,MALE 
http://cwrc.ca/cwrcdata/Audland_Anne,audlan,FEMALE 
http://cwrc.ca/cwrcdata/Aulnoy_Marie-Catherine_d,aulnma,FEMALE 
http://cwrc.ca/cwrcdata/Austen_Jane,austja,FEMALE 
http://cwrc.ca/cwrcdata/Austin_Sarah,austsa,FEMALE 
http://cwrc.ca/cwrcdata/Avery_Elizabeth,averel,FEMALE 
http://cwrc.ca/cwrcdata/Ayres_Ruby_M,ayreru,FEMALE 
http://cwrc.ca/cwrcdata/Aytoun_William_Edmonstoune,aytowi,MALE 
http://cwrc.ca/cwrcdata/Bacon_Anne,bacoan,FEMALE 
http://cwrc.ca/cwrcdata/Bagehot_Walter,bagewa,MALE 
http://cwrc.ca/cwrcdata/Bagnold_Enid,bagnen,FEMALE 
http://cwrc.ca/cwrcdata/Bailey_Mary,bailma,FEMALE 
http://cwrc.ca/cwrcdata/Baillie_Joanna,bailjo,FEMALE 
http://cwrc.ca/cwrcdata/Bainbridge_Beryl,bainbe,FEMALE 
http://cwrc.ca/cwrcdata/Baker_Elizabeth,bakee2,FEMALE 
http://cwrc.ca/cwrcdata/Baker_Ella,bakeel,FEMALE 
http://cwrc.ca/cwrcdata/Baldwin_Louisa,baldlo,FEMALE 
http://cwrc.ca/cwrcdata/Balfour_Clara,balfcl,FEMALE 
http://cwrc.ca/cwrcdata/Ballantyne_R_M,ballrm,MALE 
http://cwrc.ca/cwrcdata/Balzac_Honore_de,balzho,MALE 
http://cwrc.ca/cwrcdata/Banks_Isabella,bankis,FEMALE 
http://cwrc.ca/cwrcdata/Bannerman_Anne,bannan,FEMALE 
http://cwrc.ca/cwrcdata/Bannerman_Helen,bannhe,FEMALE 
http://cwrc.ca/cwrcdata/Barbauld_Anna_Letitia,barban,FEMALE 
http://cwrc.ca/cwrcdata/Barber_Mary,barbma,FEMALE 
http://cwrc.ca/cwrcdata/Barcynska_Helene,barche,FEMALE 
http://cwrc.ca/cwrcdata/Barham_Richard_Harris,barhri,MALE 
http://cwrc.ca/cwrcdata/Barker_Jane,barkja,FEMALE 
http://cwrc.ca/cwrcdata/Barker_Mary_Anne,barkma,FEMALE 
http://cwrc.ca/cwrcdata/Barker_Pat,barkpa,FEMALE 
http://cwrc.ca/cwrcdata/Barnard_Charlotte,barnch,FEMALE 
http://cwrc.ca/cwrcdata/Barnard_Lady_Anne,barnan,FEMALE 
http://cwrc.ca/cwrcdata/Barnes_Djuna,barndj,FEMALE 
http://cwrc.ca/cwrcdata/Barney_Natalie_Clifford,barnna,FEMALE 
http://cwrc.ca/cwrcdata/Barrell_Maria,barrma,FEMALE 
http://cwrc.ca/cwrcdata/Barrie_Sir_J_M,barrjm,MALE 
http://cwrc.ca/cwrcdata/Barrington_Emilie,barrem,FEMALE 
http://cwrc.ca/cwrcdata/Basset_Mary,bassma,FEMALE 
http://cwrc.ca/cwrcdata/Bathurst_Elizabeth,bathel,FEMALE 
http://cwrc.ca/cwrcdata/Battier_Henrietta,batthe,FEMALE 
http://cwrc.ca/cwrcdata/Baudelaire_Charles,baudch,MALE 
http://cwrc.ca/cwrcdata/Bawden_Nina,bawdni,FEMALE 
http://cwrc.ca/cwrcdata/Beach_Sylvia,beacsy,FEMALE 
http://cwrc.ca/cwrcdata/Beauclerc_Amelia,beauam,FEMALE 
http://cwrc.ca/cwrcdata/Beaumont_Agnes,beauag,FEMALE 
http://cwrc.ca/cwrcdata/Beauvoir_Simone_de,beausi,FEMALE 
http://cwrc.ca/cwrcdata/Becker_Lydia,beckly,FEMALE 
http://cwrc.ca/cwrcdata/Beckett_Samuel,becksa,MALE 
http://cwrc.ca/cwrcdata/Beckford_William,beckwi,MALE 
http://cwrc.ca/cwrcdata/Bedford_Sybille,bedfsy,FEMALE 
http://cwrc.ca/cwrcdata/Beer_Patricia,beerpa,FEMALE 
http://cwrc.ca/cwrcdata/Beeton_Isabella,beetis,FEMALE 
http://cwrc.ca/cwrcdata/Behn_Aphra,behnap,FEMALE 
http://cwrc.ca/cwrcdata/Bell_Eva_Mary,bellev,FEMALE 
http://cwrc.ca/cwrcdata/Bell_Gertrude,bellge,FEMALE 
http://cwrc.ca/cwrcdata/Bellerby_Frances,bellfr,FEMALE 
http://cwrc.ca/cwrcdata/Belli_Giuseppe_Gioachino,bellgi,MALE 
http://cwrc.ca/cwrcdata/Benger_Elizabeth_Ogilvy,bengel,FEMALE 
http://cwrc.ca/cwrcdata/Bennett_Anna_Maria,bennan,FEMALE 
http://cwrc.ca/cwrcdata/Bennett_Arnold,bennar,MALE 
http://cwrc.ca/cwrcdata/Benson_Stella,bensst,FEMALE 
http://cwrc.ca/cwrcdata/Benson_Theodora,bensth,FEMALE 
http://cwrc.ca/cwrcdata/Bensusan_Inez,bensin,FEMALE 
http://cwrc.ca/cwrcdata/Bentley_Elizabeth,bentel,FEMALE 
http://cwrc.ca/cwrcdata/Bentley_Phyllis,bentph,FEMALE 
http://cwrc.ca/cwrcdata/Besant_Annie,besaan,FEMALE 
http://cwrc.ca/cwrcdata/Besant_Sir_Walter,besawa,MALE 
http://cwrc.ca/cwrcdata/Betham-Edwards_Matilda,bethma,FEMALE 
http://cwrc.ca/cwrcdata/Betham_Mary_Matilda,bethm2,FEMALE 
http://cwrc.ca/cwrcdata/Betjeman_John,betjjo,MALE 
http://cwrc.ca/cwrcdata/Beverley_Elizabeth,beveel,FEMALE 
http://cwrc.ca/cwrcdata/Bevington_L_S,bevils,FEMALE 
http://cwrc.ca/cwrcdata/Biddle_Hester,biddhe,FEMALE 
http://cwrc.ca/cwrcdata/Billington_Mary_Frances,billma,FEMALE 
http://cwrc.ca/cwrcdata/Bird_Isabella,birdis,FEMALE 
http://cwrc.ca/cwrcdata/Bishop_Elizabeth,bishel,FEMALE 
http://cwrc.ca/cwrcdata/Black_Clementina,blaccl,FEMALE 
http://cwrc.ca/cwrcdata/Blackburn_Helen,blache,FEMALE 
http://cwrc.ca/cwrcdata/Blackburne_E_Owens,blaceo,FEMALE 
http://cwrc.ca/cwrcdata/Blackman_Malorie,blacma,FEMALE 
http://cwrc.ca/cwrcdata/Blackmore_R_D,blacrd,MALE 
http://cwrc.ca/cwrcdata/Blackwell_Antoinette_Brown,blacan,FEMALE 
http://cwrc.ca/cwrcdata/Blackwood_Caroline,blacca,FEMALE 
http://cwrc.ca/cwrcdata/Blagden_Isa,blagis,FEMALE 
http://cwrc.ca/cwrcdata/Blake_William,blakwi,MALE 
http://cwrc.ca/cwrcdata/Blamire_Susanna,blamsu,FEMALE 
http://cwrc.ca/cwrcdata/Blaugdone_Barbara,blauba,FEMALE 
http://cwrc.ca/cwrcdata/Bleecker_Ann_Eliza,bleean,FEMALE 
http://cwrc.ca/cwrcdata/Blessington_Marguerite_Gardiner_Countess_of,blesma,FEMALE 
http://cwrc.ca/cwrcdata/Blind_Mathilde,blinma,FEMALE 
http://cwrc.ca/cwrcdata/Blyton_Enid,blyten,FEMALE 
http://cwrc.ca/cwrcdata/Boccaccio_Giovanni,boccgi,MALE 
http://cwrc.ca/cwrcdata/Bodichon_Barbara_Leigh_Smith,bodiba,FEMALE 
http://cwrc.ca/cwrcdata/Bohn_Henry_George,bohnhe,MALE 
http://cwrc.ca/cwrcdata/Boland_Eavan,bolaea,FEMALE 
http://cwrc.ca/cwrcdata/Bonhote_Elizabeth,bonhel,FEMALE 
http://cwrc.ca/cwrcdata/Boothby_Frances,bootfr,FEMALE 
http://cwrc.ca/cwrcdata/Boston_Lucy,bostlu,FEMALE 
http://cwrc.ca/cwrcdata/Bottome_Phyllis,bottph,FEMALE 
http://cwrc.ca/cwrcdata/Boucherett_Jessie,boucje,FEMALE 
http://cwrc.ca/cwrcdata/Boucicault_Dion,boucdi,MALE 
http://cwrc.ca/cwrcdata/Boulger_Dorothy,bouldo,FEMALE 
http://cwrc.ca/cwrcdata/Bowdler_Henrietta_Maria,bowdhe,FEMALE 
http://cwrc.ca/cwrcdata/Bowen_Elizabeth,boweel,FEMALE 
http://cwrc.ca/cwrcdata/Bowen_Marjorie,bowema,FEMALE 
http://cwrc.ca/cwrcdata/Bowers_Bathsheba,boweba,FEMALE 
http://cwrc.ca/cwrcdata/Bowes_Lyon_Lilian,boweli,FEMALE 
http://cwrc.ca/cwrcdata/Bowles_Caroline,bowlca,FEMALE 
http://cwrc.ca/cwrcdata/Bowles_William_Lisle,bowlwi,MALE 
http://cwrc.ca/cwrcdata/Box_Muriel,box_mu,FEMALE 
http://cwrc.ca/cwrcdata/Boyd_Elizabeth,boydel,FEMALE 
http://cwrc.ca/cwrcdata/Boyle_Mary,boylma,FEMALE 
http://cwrc.ca/cwrcdata/Braddon_Mary_Elizabeth,bradma,FEMALE 
http://cwrc.ca/cwrcdata/Bradshaw_George,bradge,MALE 
http://cwrc.ca/cwrcdata/Bradshaw_Mary_Ann_Cavendish,bradm2,FEMALE 
http://cwrc.ca/cwrcdata/Bradstreet_Anne,bradan,FEMALE 
http://cwrc.ca/cwrcdata/Brame_Charlotte_Mary,bramch,FEMALE 
http://cwrc.ca/cwrcdata/Brand_Hannah,branha,FEMALE 
http://cwrc.ca/cwrcdata/Brassey_Anna,brasan,FEMALE 
http://cwrc.ca/cwrcdata/Bray_Anna_Eliza,brayan,FEMALE 
http://cwrc.ca/cwrcdata/Brazil_Angela,brazan,FEMALE 
http://cwrc.ca/cwrcdata/Brereton_Jane,brerja,FEMALE 
http://cwrc.ca/cwrcdata/Brett_Dorothy,bretdo,FEMALE 
http://cwrc.ca/cwrcdata/Bridge_Ann,bridan,FEMALE 
http://cwrc.ca/cwrcdata/Bridgewater_Elizabeth_Cavendish_Egerton_Countess_of,bridel,FEMALE 
http://cwrc.ca/cwrcdata/Bristow_Amelia,brisam,FEMALE 
http://cwrc.ca/cwrcdata/Brittain_Vera,britve,FEMALE 
http://cwrc.ca/cwrcdata/Bronte_Anne,bronan,FEMALE 
http://cwrc.ca/cwrcdata/Bronte_Charlotte,bronch,FEMALE 
http://cwrc.ca/cwrcdata/Bronte_Emily,bronem,FEMALE 
http://cwrc.ca/cwrcdata/Brooke-Rose_Christine,brooc2,FEMALE 
http://cwrc.ca/cwrcdata/Brooke_Charlotte,brooch,FEMALE 
http://cwrc.ca/cwrcdata/Brooke_Emma_Frances,brooem,FEMALE 
http://cwrc.ca/cwrcdata/Brooke_Frances,broofr,FEMALE 
http://cwrc.ca/cwrcdata/Brooke_Rupert,brooru,MALE 
http://cwrc.ca/cwrcdata/Brookner_Anita,brooan,FEMALE 
http://cwrc.ca/cwrcdata/Brophy_Brigid,bropbr,FEMALE 
http://cwrc.ca/cwrcdata/Brougham_Henry_Peter_Baron,brouhe,MALE 
http://cwrc.ca/cwrcdata/Broughton_Rhoda,brourh,FEMALE 
http://cwrc.ca/cwrcdata/Brown_John_1810_-_1882,browjo,MALE 
http://cwrc.ca/cwrcdata/Browne_Frances,browfr,FEMALE 
http://cwrc.ca/cwrcdata/Browne_Mary_Ann,browma,FEMALE 
http://cwrc.ca/cwrcdata/Browning_Elizabeth_Barrett,browel,FEMALE 
http://cwrc.ca/cwrcdata/Browning_Robert,browro,MALE 
http://cwrc.ca/cwrcdata/Brunton_Mary,brunma,FEMALE 
http://cwrc.ca/cwrcdata/Bryan_Margaret,bryama,FEMALE 
http://cwrc.ca/cwrcdata/Bryan_Mary,bryam2,FEMALE 
http://cwrc.ca/cwrcdata/Bryher,bryh__,FEMALE 
http://cwrc.ca/cwrcdata/Buchan_John,buchjo,MALE 
http://cwrc.ca/cwrcdata/Buchanan_Robert_Williams,buchro,MALE 
http://cwrc.ca/cwrcdata/Buck_Pearl_S,buckpe,FEMALE 
http://cwrc.ca/cwrcdata/Buckle_Henry_Thomas,buckhe,MALE 
http://cwrc.ca/cwrcdata/Bulstrode_Cicely,bulsci,FEMALE 
http://cwrc.ca/cwrcdata/Bunbury_Selina,bunbse,FEMALE 
http://cwrc.ca/cwrcdata/Bunyan_John,bunyjo,MALE 
http://cwrc.ca/cwrcdata/Burckhardt_Jacob,burcja,MALE 
http://cwrc.ca/cwrcdata/Burke_Anne,burkan,FEMALE 
http://cwrc.ca/cwrcdata/Burke_John,burkjo,MALE 
http://cwrc.ca/cwrcdata/Burnet_Elizabeth,burnel,FEMALE 
http://cwrc.ca/cwrcdata/Burnett_Frances_Hodgson,burnf2,FEMALE 
http://cwrc.ca/cwrcdata/Burney_Frances,burnfr,FEMALE 
http://cwrc.ca/cwrcdata/Burney_Sarah_Harriet,burnsa,FEMALE 
http://cwrc.ca/cwrcdata/Burns_Robert,burnro,MALE 
http://cwrc.ca/cwrcdata/Burton_Catharine,burtca,FEMALE 
http://cwrc.ca/cwrcdata/Burton_Richard_Francis,burtri,MALE 
http://cwrc.ca/cwrcdata/Bury_Elizabeth,buryel,FEMALE 
http://cwrc.ca/cwrcdata/Bury_Lady_Charlotte,burych,FEMALE 
http://cwrc.ca/cwrcdata/Bussy_Dorothy,bussdo,FEMALE 
http://cwrc.ca/cwrcdata/Butler_Josephine,butljo,FEMALE 
http://cwrc.ca/cwrcdata/Butler_Lady_Eleanor,butlel,FEMALE 
http://cwrc.ca/cwrcdata/Butler_Sarah,butls2,FEMALE 
http://cwrc.ca/cwrcdata/Butts_Mary,buttma,FEMALE 
http://cwrc.ca/cwrcdata/Byatt_A_S,byatas,FEMALE 
http://cwrc.ca/cwrcdata/Byron_Augusta_Ada,byroau,FEMALE 
http://cwrc.ca/cwrcdata/Byron_Catherine,byroca,FEMALE 
http://cwrc.ca/cwrcdata/Byron_George_Gordon_sixth_Baron,byroge,MALE 
http://cwrc.ca/cwrcdata/Byron_Medora_Gordon,byrome,FEMALE 
http://cwrc.ca/cwrcdata/Cable_Mildred,cablmi,FEMALE 
http://cwrc.ca/cwrcdata/Cadell_Jessie_Ellen,cadeje,FEMALE 
http://cwrc.ca/cwrcdata/Caesar_Mary,caesma,FEMALE 
http://cwrc.ca/cwrcdata/Caffyn_Kathleen,caffka,FEMALE 
http://cwrc.ca/cwrcdata/Caird_Mona,cairmo,FEMALE 
http://cwrc.ca/cwrcdata/Cairns_Elizabeth,cairel,FEMALE 
http://cwrc.ca/cwrcdata/Calderwood_Margaret,caldma,FEMALE 
http://cwrc.ca/cwrcdata/Callcott_Maria,callma,FEMALE 
http://cwrc.ca/cwrcdata/Cambridge_Ada,cambad,FEMALE 
http://cwrc.ca/cwrcdata/Campbell_Dorothea_Primrose,campdo,FEMALE 
http://cwrc.ca/cwrcdata/Campbell_Lady_Colin,campco,FEMALE 
http://cwrc.ca/cwrcdata/Candler_Ann,candan,FEMALE 
http://cwrc.ca/cwrcdata/Cannan_Joanna,cannjo,FEMALE 
http://cwrc.ca/cwrcdata/Cannan_May,cannma,FEMALE 
http://cwrc.ca/cwrcdata/Carey_Mary,carema,FEMALE 
http://cwrc.ca/cwrcdata/Carey_Rosa_Nouchette,carero,FEMALE 
http://cwrc.ca/cwrcdata/Carleton_Mary,carlma,FEMALE 
http://cwrc.ca/cwrcdata/Carlyle_Jane_Welsh,carlja,FEMALE 
http://cwrc.ca/cwrcdata/Carlyle_Thomas,carlth,MALE 
http://cwrc.ca/cwrcdata/Carpenter_Mary,carpma,FEMALE 
http://cwrc.ca/cwrcdata/Carrington_Dora,carrdo,FEMALE 
http://cwrc.ca/cwrcdata/Carrington_Leonora,carrl2,FEMALE 
http://cwrc.ca/cwrcdata/Carroll_Lewis,carrle,MALE 
http://cwrc.ca/cwrcdata/Carson_Anne,carsan,FEMALE 
http://cwrc.ca/cwrcdata/Carswell_Catherine,carsca,FEMALE 
http://cwrc.ca/cwrcdata/Carter_Angela,cartan,FEMALE 
http://cwrc.ca/cwrcdata/Carter_Elizabeth,cartel,FEMALE 
http://cwrc.ca/cwrcdata/Cartland_Barbara,cartba,FEMALE 
http://cwrc.ca/cwrcdata/Cary_Lucy,carylu,FEMALE 
http://cwrc.ca/cwrcdata/Cary_Mary,carym2,FEMALE 
http://cwrc.ca/cwrcdata/Cary_Mary_Ann_Shadd,caryma,FEMALE 
http://cwrc.ca/cwrcdata/Catchpole_Margaret,catcma,FEMALE 
http://cwrc.ca/cwrcdata/Cather_Willa,cathwi,FEMALE 
http://cwrc.ca/cwrcdata/Cave_Jane,caveja,FEMALE 
http://cwrc.ca/cwrcdata/Cavendish_Lady_Jane,cavej2,FEMALE 
http://cwrc.ca/cwrcdata/Cavendish_Margaret,cavema,FEMALE 
http://cwrc.ca/cwrcdata/Celesia_Dorothea,celedo,FEMALE 
http://cwrc.ca/cwrcdata/Cellier_Elizabeth,cellel,FEMALE 
http://cwrc.ca/cwrcdata/Centlivre_Susanna,centsu,FEMALE 
http://cwrc.ca/cwrcdata/Chambers_Marianne,chamma,FEMALE 
http://cwrc.ca/cwrcdata/Champion_de_Crespigny_Mary_Lady,chamm2,FEMALE 
http://cwrc.ca/cwrcdata/Chandler_Mary,chanma,FEMALE 
http://cwrc.ca/cwrcdata/Chant_Laura_Ormiston,chanla,FEMALE 
http://cwrc.ca/cwrcdata/Chanter_Charlotte,chanch,FEMALE 
http://cwrc.ca/cwrcdata/Chapone_Hester_Mulso,chaphe,FEMALE 
http://cwrc.ca/cwrcdata/Chapone_Sarah,chapsa,FEMALE 
http://cwrc.ca/cwrcdata/Charke_Charlotte,charch,FEMALE 
http://cwrc.ca/cwrcdata/Charles_Elizabeth,charel,FEMALE 
http://cwrc.ca/cwrcdata/Charlton_Mary,charma,FEMALE 
http://cwrc.ca/cwrcdata/Chatterton_Georgiana,chatge,FEMALE 
http://cwrc.ca/cwrcdata/Chatterton_Thomas,chatth,MALE 
http://cwrc.ca/cwrcdata/Chaucer_Geoffrey,chauge,MALE 
http://cwrc.ca/cwrcdata/Chekhov_Anton_Pavlovich,chekan,MALE 
http://cwrc.ca/cwrcdata/Chesterfield_Philip_Dormer_Stanhope_fourth_Earl_of,chesph,MALE 
http://cwrc.ca/cwrcdata/Chidley_Katherine,chidka,FEMALE 
http://cwrc.ca/cwrcdata/Child_Lydia_Maria,chilly,FEMALE 
http://cwrc.ca/cwrcdata/Chisholm_Caroline,chisca,FEMALE 
http://cwrc.ca/cwrcdata/Cholmondeley_Mary,cholma,FEMALE 
http://cwrc.ca/cwrcdata/Chopin_Kate,chopka,FEMALE 
http://cwrc.ca/cwrcdata/Christie_Agatha,chriag,FEMALE 
http://cwrc.ca/cwrcdata/Christine_de_Pisan,chripi,FEMALE 
http://cwrc.ca/cwrcdata/Chudleigh_Mary_Lady,chudma,FEMALE 
http://cwrc.ca/cwrcdata/Churchill_Caryl,churca,FEMALE 
http://cwrc.ca/cwrcdata/Cixous_Helene,cixohe,FEMALE 
http://cwrc.ca/cwrcdata/Clanchy_Kate,clanka,FEMALE 
http://cwrc.ca/cwrcdata/Clapperton_Jane_Hume,clapja,FEMALE 
http://cwrc.ca/cwrcdata/Clare_John,clarjo,MALE 
http://cwrc.ca/cwrcdata/Clark_Emily_Frederick,clarem,FEMALE 
http://cwrc.ca/cwrcdata/Clarke_Charles_Cowden,clarch,MALE 
http://cwrc.ca/cwrcdata/Clarke_Gillian,clargi,FEMALE 
http://cwrc.ca/cwrcdata/Clarke_Mary_Cowden,clarmc,FEMALE 
http://cwrc.ca/cwrcdata/Clarke_Olivia,clarol,FEMALE 
http://cwrc.ca/cwrcdata/Clerke_Agnes_Mary,clerag,FEMALE 
http://cwrc.ca/cwrcdata/Clerke_Ellen_Mary,clerel,FEMALE 
http://cwrc.ca/cwrcdata/Clifford_Lady_Anne,clifan,FEMALE 
http://cwrc.ca/cwrcdata/Clive_Caroline,clivca,FEMALE 
http://cwrc.ca/cwrcdata/Clough_Arthur_Hugh,clouar,MALE 
http://cwrc.ca/cwrcdata/Cobbe_Frances_Power,cobbfr,FEMALE 
http://cwrc.ca/cwrcdata/Cobbold_Elizabeth,cobbel,FEMALE 
http://cwrc.ca/cwrcdata/Cockburn_Alison,cockal,FEMALE 
http://cwrc.ca/cwrcdata/Codd_Clara,coddcl,FEMALE 
http://cwrc.ca/cwrcdata/Colenso_Frances,colefr,FEMALE 
http://cwrc.ca/cwrcdata/Coleridge_Christabel,colech,FEMALE 
http://cwrc.ca/cwrcdata/Coleridge_Mary_Elizabeth,colema,FEMALE 
http://cwrc.ca/cwrcdata/Coleridge_Samuel_Taylor,colesa,MALE 
http://cwrc.ca/cwrcdata/Coleridge_Sara,coles2,FEMALE 
http://cwrc.ca/cwrcdata/Colette,cole__,FEMALE 
http://cwrc.ca/cwrcdata/Collier_Jane,collja,FEMALE 
http://cwrc.ca/cwrcdata/Collier_Mary,collma,FEMALE 
http://cwrc.ca/cwrcdata/Colling_Mary_Maria,collm3,FEMALE 
http://cwrc.ca/cwrcdata/Collins_An,collan,FEMALE 
http://cwrc.ca/cwrcdata/Collins_Wilkie,collwi,MALE 
http://cwrc.ca/cwrcdata/Collyer_Mary,collm2,FEMALE 
http://cwrc.ca/cwrcdata/Compton-Burnett_Ivy,compiv,FEMALE 
http://cwrc.ca/cwrcdata/Comte_Auguste,comtau,MALE 
http://cwrc.ca/cwrcdata/Congreve_William,congwi,MALE 
http://cwrc.ca/cwrcdata/Conrad_Joseph,conrjo,MALE 
http://cwrc.ca/cwrcdata/Conway_Anne,conwan,FEMALE 
http://cwrc.ca/cwrcdata/Cook_Ann,cookan,FEMALE 
http://cwrc.ca/cwrcdata/Cook_Eliza,cookel,FEMALE 
http://cwrc.ca/cwrcdata/Cooke_Cassandra,cookc2,FEMALE 
http://cwrc.ca/cwrcdata/Cookson_Catherine,cookca,FEMALE 
http://cwrc.ca/cwrcdata/Cooper_Elizabeth_d_1761,coopel,FEMALE 
http://cwrc.ca/cwrcdata/Cooper_Lettice,coople,FEMALE 
http://cwrc.ca/cwrcdata/Cooper_Maria_Susanna,coopma,FEMALE 
http://cwrc.ca/cwrcdata/Cope_Wendy,copewe,FEMALE 
http://cwrc.ca/cwrcdata/Corelli_Marie,corema,FEMALE 
http://cwrc.ca/cwrcdata/Cornford_Frances,cornfr,FEMALE 
http://cwrc.ca/cwrcdata/Cornish_Blanche_Warre,cornbl,FEMALE 
http://cwrc.ca/cwrcdata/Cornwallis_Caroline_Frances,cornca,FEMALE 
http://cwrc.ca/cwrcdata/Corp_Harriet,corpha,FEMALE 
http://cwrc.ca/cwrcdata/Costello_Louisa_Stuart,costlo,FEMALE 
http://cwrc.ca/cwrcdata/Courthope_William_John,courwi,MALE 
http://cwrc.ca/cwrcdata/Couzyn_Jeni,couzje,FEMALE 
http://cwrc.ca/cwrcdata/Coward_Rosalind,cowaro,FEMALE 
http://cwrc.ca/cwrcdata/Cowley_Abraham,cowlab,MALE 
http://cwrc.ca/cwrcdata/Cowley_Hannah,cowlha,FEMALE 
http://cwrc.ca/cwrcdata/Cowper_Mary_Countess,cowpma,FEMALE 
http://cwrc.ca/cwrcdata/Cowper_Sarah_Lady,cowpsa,FEMALE 
http://cwrc.ca/cwrcdata/Cowper_William,cowpwi,MALE 
http://cwrc.ca/cwrcdata/Craig_Edith,craied,FEMALE 
http://cwrc.ca/cwrcdata/Craig_Isa,craiis,FEMALE 
http://cwrc.ca/cwrcdata/Craik_Dinah_Mulock,craidi,FEMALE 
http://cwrc.ca/cwrcdata/Craik_Georgiana,craige,FEMALE 
http://cwrc.ca/cwrcdata/Craik_Helen,craihe,FEMALE 
http://cwrc.ca/cwrcdata/Cristall_Ann_Batten,crisan,FEMALE 
http://cwrc.ca/cwrcdata/Croker_B_M,crokbm,FEMALE 
http://cwrc.ca/cwrcdata/Croker_John_Wilson,crokjo,MALE 
http://cwrc.ca/cwrcdata/Croker_Margaret,crokma,FEMALE 
http://cwrc.ca/cwrcdata/Crommelin_May,cromma,FEMALE 
http://cwrc.ca/cwrcdata/Crompton_Richmal,cromri,FEMALE 
http://cwrc.ca/cwrcdata/Crosland_Camilla,crosca,FEMALE 
http://cwrc.ca/cwrcdata/Cross_Victoria,crosvi,FEMALE 
http://cwrc.ca/cwrcdata/Crowe_Catherine,crowca,FEMALE 
http://cwrc.ca/cwrcdata/Cullwick_Hannah,cullha,FEMALE 
http://cwrc.ca/cwrcdata/Cunard_Nancy,cunana,FEMALE 
http://cwrc.ca/cwrcdata/Cunningham_Lady_Margaret,cunnma,FEMALE 
http://cwrc.ca/cwrcdata/Curll_Edmund,curled,MALE 
http://cwrc.ca/cwrcdata/Cuthbertson_Catherine,cuthca,FEMALE 
http://cwrc.ca/cwrcdata/Dacier_Anne,dacian,FEMALE 
http://cwrc.ca/cwrcdata/Dacre_Barbarina_Brand_Baroness,dacrba,FEMALE 
http://cwrc.ca/cwrcdata/Dacre_Charlotte,dacrch,FEMALE 
http://cwrc.ca/cwrcdata/Damer_Anne,damean,FEMALE 
http://cwrc.ca/cwrcdata/Dane_Clemence,danecl,FEMALE 
http://cwrc.ca/cwrcdata/Daniels_Sarah,danis2,FEMALE 
http://cwrc.ca/cwrcdata/Dante_Alighieri,dant__,MALE 
http://cwrc.ca/cwrcdata/DAnvers_Alicia,danval,FEMALE 
http://cwrc.ca/cwrcdata/Darwall_Mary_Whateley,darwma,FEMALE 
http://cwrc.ca/cwrcdata/Darwin_Charles,darwch,MALE 
http://cwrc.ca/cwrcdata/Daryush_Elizabeth,daryel,FEMALE 
http://cwrc.ca/cwrcdata/Davenport_Selina,davese,FEMALE 
http://cwrc.ca/cwrcdata/Davies_Emily,daviem,FEMALE 
http://cwrc.ca/cwrcdata/Davis_Rebecca_Harding,davire,FEMALE 
http://cwrc.ca/cwrcdata/Davy_Sarah_1639_-_1670,davysa,FEMALE 
http://cwrc.ca/cwrcdata/Davys_Mary,davyma,FEMALE 
http://cwrc.ca/cwrcdata/Dawson_Jennifer,dawsje,FEMALE 
http://cwrc.ca/cwrcdata/De_Fleury_Maria,deflma,FEMALE 
http://cwrc.ca/cwrcdata/De_la_Pasture_Elizabeth,delael,FEMALE 
http://cwrc.ca/cwrcdata/De_Quincey_Thomas,dequth,MALE 
http://cwrc.ca/cwrcdata/Deevy_Teresa,deevte,FEMALE 
http://cwrc.ca/cwrcdata/Defoe_Daniel,defoda,MALE 
http://cwrc.ca/cwrcdata/Delafield_E_M,delaem,FEMALE 
http://cwrc.ca/cwrcdata/Delaney_Shelagh,delash,FEMALE 
http://cwrc.ca/cwrcdata/Delany_Mary,delama,FEMALE 
http://cwrc.ca/cwrcdata/Delaval_Elizabeth,delae2,FEMALE 
http://cwrc.ca/cwrcdata/Dell_Ethel_M,dellet,FEMALE 
http://cwrc.ca/cwrcdata/Dempster_Charlotte,dempch,FEMALE 
http://cwrc.ca/cwrcdata/Desai_Anita,desaan,FEMALE 
http://cwrc.ca/cwrcdata/Despard_Charlotte,despch,FEMALE 
http://cwrc.ca/cwrcdata/Deverell_Mary,devema,FEMALE 
http://cwrc.ca/cwrcdata/Devlin_Anne,devlan,FEMALE 
http://cwrc.ca/cwrcdata/Devonshire_Elizabeth_Cavendish_Duchess_of,devoel,FEMALE 
http://cwrc.ca/cwrcdata/Devonshire_Georgiana_Cavendish_Duchess_of,devoge,FEMALE 
http://cwrc.ca/cwrcdata/Dickens_Charles,dickch,MALE 
http://cwrc.ca/cwrcdata/Dickens_Mary_Angela,dickma,FEMALE 
http://cwrc.ca/cwrcdata/Dickens_Monica,dickmo,FEMALE 
http://cwrc.ca/cwrcdata/Dickinson_Emily,dickem,FEMALE 
http://cwrc.ca/cwrcdata/Dillwyn_E_A,dillea,FEMALE 
http://cwrc.ca/cwrcdata/Dilthey_Wilhelm,diltwi,MALE 
http://cwrc.ca/cwrcdata/Dinesen_Isak,dineis,FEMALE 
http://cwrc.ca/cwrcdata/Disraeli_Benjamin,disrbe,MALE 
http://cwrc.ca/cwrcdata/Dixie_Florence,dixifl,FEMALE 
http://cwrc.ca/cwrcdata/Dixon_Ella_Hepworth,dixoel,FEMALE 
http://cwrc.ca/cwrcdata/Dixon_Sarah,dixosa,FEMALE 
http://cwrc.ca/cwrcdata/Dobell_Sydney_Thompson,dobesy,MALE 
http://cwrc.ca/cwrcdata/Dobson_Susannah,dobssu,FEMALE 
http://cwrc.ca/cwrcdata/Docwra_Anne,docwan,FEMALE 
http://cwrc.ca/cwrcdata/Donne_John,donnjo,MALE 
http://cwrc.ca/cwrcdata/Dore_Gustave,doregu,MALE 
http://cwrc.ca/cwrcdata/Dostoevsky_Fyodor_Mikhailovich,dostfy,MALE 
http://cwrc.ca/cwrcdata/Douglas_George,dougge,FEMALE 
http://cwrc.ca/cwrcdata/Douglas_Lady_Eleanor,dougel,FEMALE 
http://cwrc.ca/cwrcdata/Dowie_Menie_Muriel,dowime,FEMALE 
http://cwrc.ca/cwrcdata/Downing_Harriet,downha,FEMALE 
http://cwrc.ca/cwrcdata/Dowriche_Anne,dowran,FEMALE 
http://cwrc.ca/cwrcdata/Doyle_Sir_Arthur_Conan,doylar,MALE 
http://cwrc.ca/cwrcdata/Drabble_Margaret,drabma,FEMALE 
http://cwrc.ca/cwrcdata/Drake_Judith,drakju,FEMALE 
http://cwrc.ca/cwrcdata/Drummond_May,drumma,FEMALE 
http://cwrc.ca/cwrcdata/Dryden_John,drydjo,MALE 
http://cwrc.ca/cwrcdata/Du_Bois_Dorothea,dubodo,FEMALE 
http://cwrc.ca/cwrcdata/Du_Maurier_Daphne,dumada,FEMALE 
http://cwrc.ca/cwrcdata/Duberly_Frances_Isabella,dubefr,FEMALE 
http://cwrc.ca/cwrcdata/Duff_Gordon_Lucie,dufflu,FEMALE 
http://cwrc.ca/cwrcdata/Duffy_Carol_Ann,duffca,FEMALE 
http://cwrc.ca/cwrcdata/Duffy_Maureen,duffma,FEMALE 
http://cwrc.ca/cwrcdata/Dumas_Alexandre_pere,dumaal,MALE 
http://cwrc.ca/cwrcdata/Duncan_Sara_Jeannette,duncsa,FEMALE 
http://cwrc.ca/cwrcdata/Dunlop_Eliza,dunlel,FEMALE 
http://cwrc.ca/cwrcdata/Dunmore_Helen,dunmhe,FEMALE 
http://cwrc.ca/cwrcdata/Dunn_Nell,dunnne,FEMALE 
http://cwrc.ca/cwrcdata/Dutt_Toru,duttto,FEMALE 
http://cwrc.ca/cwrcdata/Dyson_Ketaki_Kushari,dysoke,FEMALE 
http://cwrc.ca/cwrcdata/Eden_Emily,edenem,FEMALE 
http://cwrc.ca/cwrcdata/Edgeworth_Maria,edgema,FEMALE 
http://cwrc.ca/cwrcdata/Edginton_May,edgima,FEMALE 
http://cwrc.ca/cwrcdata/Edwards_Amelia_B,edwaam,FEMALE 
http://cwrc.ca/cwrcdata/Egerton_George,egerge,FEMALE 
http://cwrc.ca/cwrcdata/El_Saadawi_Nawal,elsana,FEMALE 
http://cwrc.ca/cwrcdata/Eliot_George,elioge,FEMALE 
http://cwrc.ca/cwrcdata/Eliot_T_S,eliots,MALE 
http://cwrc.ca/cwrcdata/Elizabeth_I_Queen,elizqu,FEMALE 
http://cwrc.ca/cwrcdata/Elliot_Lady_Charlotte,ellic2,FEMALE 
http://cwrc.ca/cwrcdata/Elliott_Charlotte,ellich,FEMALE 
http://cwrc.ca/cwrcdata/Elliott_Grace,elligr,FEMALE 
http://cwrc.ca/cwrcdata/Ellis_Sarah_Stickney,ellisa,FEMALE 
http://cwrc.ca/cwrcdata/Elstob_Elizabeth,elstel,FEMALE 
http://cwrc.ca/cwrcdata/Elwood_Anne_Katharine,elwoan,FEMALE 
http://cwrc.ca/cwrcdata/Emecheta_Buchi,emecbu,FEMALE 
http://cwrc.ca/cwrcdata/Emerson_Ralph_Waldo,emerra,MALE 
http://cwrc.ca/cwrcdata/Empson_William,empswi,MALE 
http://cwrc.ca/cwrcdata/Enright_Anne,enrian,FEMALE 
http://cwrc.ca/cwrcdata/Ephelia,ephe__,FEMALE 
http://cwrc.ca/cwrcdata/Equiano_Olaudah,equiol,MALE 
http://cwrc.ca/cwrcdata/Evans_Anne,evanan,FEMALE 
http://cwrc.ca/cwrcdata/Evans_Katharine,evanka,FEMALE 
http://cwrc.ca/cwrcdata/Evans_Margiad,evanma,FEMALE 
http://cwrc.ca/cwrcdata/Evaristo_Bernardine,evarbe,FEMALE 
http://cwrc.ca/cwrcdata/Ewing_Juliana_Horatia,ewinju,FEMALE 
http://cwrc.ca/cwrcdata/Fage_Mary,fagema,FEMALE 
http://cwrc.ca/cwrcdata/Fainlight_Ruth,fainru,FEMALE 
http://cwrc.ca/cwrcdata/Fairbairns_Zoe,fairzo,FEMALE 
http://cwrc.ca/cwrcdata/Faithfull_Emily,faitem,FEMALE 
http://cwrc.ca/cwrcdata/Falconbridge_Anna_Maria,falcan,FEMALE 
http://cwrc.ca/cwrcdata/Falkland_Elizabeth_Cary_Viscountess,falkel,FEMALE 
http://cwrc.ca/cwrcdata/Fane_Violet,fanevi,FEMALE 
http://cwrc.ca/cwrcdata/Fanshawe_Ann_Lady,fansan,FEMALE 
http://cwrc.ca/cwrcdata/Fanshawe_Catherine,fansca,FEMALE 
http://cwrc.ca/cwrcdata/Fanthorpe_U_A,fantua,FEMALE 
http://cwrc.ca/cwrcdata/Farjeon_Eleanor,farjel,FEMALE 
http://cwrc.ca/cwrcdata/Farr_Florence,farrfl,FEMALE 
http://cwrc.ca/cwrcdata/Fawcett_Millicent_Garrett,fawcmi,FEMALE 
http://cwrc.ca/cwrcdata/Fay_Eliza,fay_el,FEMALE 
http://cwrc.ca/cwrcdata/Feinstein_Elaine,feinel,FEMALE 
http://cwrc.ca/cwrcdata/Fell_Alison,fellal,FEMALE 
http://cwrc.ca/cwrcdata/Fell_Margaret,fellma,FEMALE 
http://cwrc.ca/cwrcdata/Fenton_Elizabeth,fentel,FEMALE 
http://cwrc.ca/cwrcdata/Fenwick_Eliza,fenwel,FEMALE 
http://cwrc.ca/cwrcdata/Ferguson_Elizabeth_Graeme,fergel,FEMALE 
http://cwrc.ca/cwrcdata/Fern_Fanny,fernfa,FEMALE 
http://cwrc.ca/cwrcdata/Ferrier_Susan,ferrsu,FEMALE 
http://cwrc.ca/cwrcdata/Fielding_Henry,fielhe,MALE 
http://cwrc.ca/cwrcdata/Fielding_Sarah,fielsa,FEMALE 
http://cwrc.ca/cwrcdata/Fiennes_Celia,fience,FEMALE 
http://cwrc.ca/cwrcdata/Figes_Eva,figeev,FEMALE 
http://cwrc.ca/cwrcdata/Finch_Anne,fincan,FEMALE 
http://cwrc.ca/cwrcdata/Fisher_Ann,fishan,FEMALE 
http://cwrc.ca/cwrcdata/Fisher_Mary,fishma,FEMALE 
http://cwrc.ca/cwrcdata/FitzGerald_Edward,fitzed,MALE 
http://cwrc.ca/cwrcdata/Fitzgerald_Penelope,fitzpe,FEMALE 
http://cwrc.ca/cwrcdata/Flaubert_Gustave,flaugu,MALE 
http://cwrc.ca/cwrcdata/Fletcher_Eliza,fletel,FEMALE 
http://cwrc.ca/cwrcdata/Fletcher_Mary_Bosanquet,fletma,FEMALE 
http://cwrc.ca/cwrcdata/Forbes_Rosita,forbro,FEMALE 
http://cwrc.ca/cwrcdata/Ford_Ford_Madox,fordfo,MALE 
http://cwrc.ca/cwrcdata/Ford_Isabella_Ormston,fordis,FEMALE 
http://cwrc.ca/cwrcdata/Forman_Charlotte,formch,FEMALE 
http://cwrc.ca/cwrcdata/Forster_E_M,forsem,MALE 
http://cwrc.ca/cwrcdata/Forster_John,forsjo,MALE 
http://cwrc.ca/cwrcdata/Forster_Margaret,forsma,FEMALE 
http://cwrc.ca/cwrcdata/Fortune_Mary,fortma,FEMALE 
http://cwrc.ca/cwrcdata/Foster_Hannah_Webster,fostha,FEMALE 
http://cwrc.ca/cwrcdata/Fothergill_Jessie,fothje,FEMALE 
http://cwrc.ca/cwrcdata/Fowke_Martha,fowkma,FEMALE 
http://cwrc.ca/cwrcdata/Francis_Anne,franan,FEMALE 
http://cwrc.ca/cwrcdata/Frankau_Julia,franju,FEMALE 
http://cwrc.ca/cwrcdata/Frankau_Pamela,franpa,FEMALE 
http://cwrc.ca/cwrcdata/Fraser-Tytler_Christina,frasch,FEMALE 
http://cwrc.ca/cwrcdata/Fraser_Antonia,frasan,FEMALE 
http://cwrc.ca/cwrcdata/Frazer_Sir_James_George,frazja,MALE 
http://cwrc.ca/cwrcdata/Freke_Elizabeth,frekel,FEMALE 
http://cwrc.ca/cwrcdata/Frere_Mary,frerma,FEMALE 
http://cwrc.ca/cwrcdata/Froude_James_Anthony,frouja,MALE 
http://cwrc.ca/cwrcdata/Fry_Roger,fry_ro,MALE 
http://cwrc.ca/cwrcdata/Frye_Kate_Parry,fryeka,FEMALE 
http://cwrc.ca/cwrcdata/Fuller_Margaret,fullma,FEMALE 
http://cwrc.ca/cwrcdata/Fullerton_Georgiana,fullge,FEMALE 
http://cwrc.ca/cwrcdata/Furlong_Monica,furlmo,FEMALE 
http://cwrc.ca/cwrcdata/Fyge_Sarah,fygesa,FEMALE 
http://cwrc.ca/cwrcdata/Gallant_Mavis,gallma,FEMALE 
http://cwrc.ca/cwrcdata/Galsworthy_John,galsjo,MALE 
http://cwrc.ca/cwrcdata/Gardam_Jane,gardja,FEMALE 
http://cwrc.ca/cwrcdata/Gardner_Sarah,gardsa,FEMALE 
http://cwrc.ca/cwrcdata/Garnett_Constance,garnco,FEMALE 
http://cwrc.ca/cwrcdata/Garrick_David,garrda,MALE 
http://cwrc.ca/cwrcdata/Gaskell_Elizabeth,gaskel,FEMALE 
http://cwrc.ca/cwrcdata/Gatty_Margaret,gattma,FEMALE 
http://cwrc.ca/cwrcdata/Gautier_Theophile,gautth,MALE 
http://cwrc.ca/cwrcdata/Gawthorpe_Mary,gawtma,FEMALE 
http://cwrc.ca/cwrcdata/Gee_Maggie,gee_ma,FEMALE 
http://cwrc.ca/cwrcdata/Gems_Pam,gemspa,FEMALE 
http://cwrc.ca/cwrcdata/Genlis_Stephanie-Felicite_de,genlst,FEMALE 
http://cwrc.ca/cwrcdata/Gerard_Dorothea,gerado,FEMALE 
http://cwrc.ca/cwrcdata/Gerard_Emily,geraem,FEMALE 
http://cwrc.ca/cwrcdata/Gershon_Karen,gerska,FEMALE 
http://cwrc.ca/cwrcdata/Gibbes_Phebe,gibbph,FEMALE 
http://cwrc.ca/cwrcdata/Gibbons_Stella,gibbst,FEMALE 
http://cwrc.ca/cwrcdata/Giberne_Agnes,gibeag,FEMALE 
http://cwrc.ca/cwrcdata/Gide_Andre,gidean,MALE 
http://cwrc.ca/cwrcdata/Gilbert_Ann_Taylor,gilban,FEMALE 
http://cwrc.ca/cwrcdata/Gilbert_Anne_Hart,gilba2,FEMALE 
http://cwrc.ca/cwrcdata/Gilding_Elizabeth,gildel,FEMALE 
http://cwrc.ca/cwrcdata/Gilman_Charlotte_Perkins,gilmch,FEMALE 
http://cwrc.ca/cwrcdata/Gingold_Helene,ginghe,FEMALE 
http://cwrc.ca/cwrcdata/Glasier_Katharine_Bruce,glaska,FEMALE 
http://cwrc.ca/cwrcdata/Glasse_Hannah,glasha,FEMALE 
http://cwrc.ca/cwrcdata/Glover_Evelyn,glovev,FEMALE 
http://cwrc.ca/cwrcdata/Glyn_Elinor,glynel,FEMALE 
http://cwrc.ca/cwrcdata/Godden_Rumer,goddru,FEMALE 
http://cwrc.ca/cwrcdata/Godley_Charlotte,godlch,FEMALE 
http://cwrc.ca/cwrcdata/Godwin_William,godwwi,MALE 
http://cwrc.ca/cwrcdata/Goldsmith_Oliver,goldol,MALE 
http://cwrc.ca/cwrcdata/Gomersall_Ann,gomean,FEMALE 
http://cwrc.ca/cwrcdata/Gonne_Maud,gonnma,FEMALE 
http://cwrc.ca/cwrcdata/Gooch_Elizabeth_Sarah,goocel,FEMALE 
http://cwrc.ca/cwrcdata/Gordimer_Nadine,gordna,FEMALE 
http://cwrc.ca/cwrcdata/Gordon_Anna,gordan,FEMALE 
http://cwrc.ca/cwrcdata/Gore-Booth_Eva,goreev,FEMALE 
http://cwrc.ca/cwrcdata/Gore_Catherine,goreca,FEMALE 
http://cwrc.ca/cwrcdata/Goudge_Elizabeth,goudel,FEMALE 
http://cwrc.ca/cwrcdata/Graffigny_Francoise_de,graffr,FEMALE 
http://cwrc.ca/cwrcdata/Grand_Sarah,gransa,FEMALE 
http://cwrc.ca/cwrcdata/Grant_Anne,granan,FEMALE 
http://cwrc.ca/cwrcdata/Grant_Elizabeth,granel,FEMALE 
http://cwrc.ca/cwrcdata/Graves_Clotilde,gravcl,FEMALE 
http://cwrc.ca/cwrcdata/Gray_Christian,graych,FEMALE 
http://cwrc.ca/cwrcdata/Gray_Thomas,grayth,MALE 
http://cwrc.ca/cwrcdata/Green_Henry,greehe,MALE 
http://cwrc.ca/cwrcdata/Green_Sarah,greesa,FEMALE 
http://cwrc.ca/cwrcdata/Greenaway_Kate,greeka,FEMALE 
http://cwrc.ca/cwrcdata/Greene_Graham,greegr,MALE 
http://cwrc.ca/cwrcdata/Greenwell_Dora,greedo,FEMALE 
http://cwrc.ca/cwrcdata/Greer_Germaine,greege,FEMALE 
http://cwrc.ca/cwrcdata/Gregory_Augusta,gregau,FEMALE 
http://cwrc.ca/cwrcdata/Grey_Catherine_Maria,greyca,FEMALE 
http://cwrc.ca/cwrcdata/Grey_Maria,greyma,FEMALE 
http://cwrc.ca/cwrcdata/Grierson_Constantia,grieco,FEMALE 
http://cwrc.ca/cwrcdata/Griffith_Elizabeth,grifel,FEMALE 
http://cwrc.ca/cwrcdata/Griffitts_Hannah,grifha,FEMALE 
http://cwrc.ca/cwrcdata/Grymeston_Elizabeth,grymel,FEMALE 
http://cwrc.ca/cwrcdata/Guest_Charlotte,guesch,FEMALE 
http://cwrc.ca/cwrcdata/Gunning_Elizabeth,gunnel,FEMALE 
http://cwrc.ca/cwrcdata/Gunning_Susannah,gunnsu,FEMALE 
http://cwrc.ca/cwrcdata/H_D,hd____,FEMALE 
http://cwrc.ca/cwrcdata/Hale_Martha,halema,FEMALE 
http://cwrc.ca/cwrcdata/Hale_Sarah_Josepha,halesa,FEMALE 
http://cwrc.ca/cwrcdata/Halkett_Anne,halkan,FEMALE 
http://cwrc.ca/cwrcdata/Hall_Anna_Maria,hallan,FEMALE 
http://cwrc.ca/cwrcdata/Hall_Radclyffe,hallra,FEMALE 
http://cwrc.ca/cwrcdata/Ham_Elizabeth,ham_el,FEMALE 
http://cwrc.ca/cwrcdata/Hamilton_Cicely,hamici,FEMALE 
http://cwrc.ca/cwrcdata/Hamilton_Eliza_Mary,hamie2,FEMALE 
http://cwrc.ca/cwrcdata/Hamilton_Elizabeth,hamiel,FEMALE 
http://cwrc.ca/cwrcdata/Hamilton_Janet,hamija,FEMALE 
http://cwrc.ca/cwrcdata/Hamilton_Mary_Agnes,hamima,FEMALE 
http://cwrc.ca/cwrcdata/Hamnett_Nina,hamnni,FEMALE 
http://cwrc.ca/cwrcdata/Handl_Irene,handir,FEMALE 
http://cwrc.ca/cwrcdata/Hands_Elizabeth,handel,FEMALE 
http://cwrc.ca/cwrcdata/Harcourt_Mary,harcma,FEMALE 
http://cwrc.ca/cwrcdata/Hardy_Iza_Duffus,hardiz,FEMALE 
http://cwrc.ca/cwrcdata/Hardy_Mary_Anne_Duffus,hardma,FEMALE 
http://cwrc.ca/cwrcdata/Hardy_Thomas,hardth,MALE 
http://cwrc.ca/cwrcdata/Harkness_Margaret,harkma,FEMALE 
http://cwrc.ca/cwrcdata/Harley_Brilliana_Lady,harlbr,FEMALE 
http://cwrc.ca/cwrcdata/Harper_Frances_E_W,harpfr,FEMALE 
http://cwrc.ca/cwrcdata/Harraden_Beatrice,harrbe,FEMALE 
http://cwrc.ca/cwrcdata/Harrison_Jane_Ellen,harrja,FEMALE 
http://cwrc.ca/cwrcdata/Harvey_Jane,harvja,FEMALE 
http://cwrc.ca/cwrcdata/Harwood_Isabella_Neil,harwis,FEMALE 
http://cwrc.ca/cwrcdata/Hatton_Ann,hattan,FEMALE 
http://cwrc.ca/cwrcdata/Havergal_Frances_Ridley,havefr,FEMALE 
http://cwrc.ca/cwrcdata/Hawke_Cassandra_Lady,hawkca,FEMALE 
http://cwrc.ca/cwrcdata/Hawkins_Laetitia-Matilda,hawkla,FEMALE 
http://cwrc.ca/cwrcdata/Hawkshaw_Ann,hawkan,FEMALE 
http://cwrc.ca/cwrcdata/Hays_Mary,haysma,FEMALE 
http://cwrc.ca/cwrcdata/Hays_Matilda,haysm2,FEMALE 
http://cwrc.ca/cwrcdata/Haywood_Eliza,haywel,FEMALE 
http://cwrc.ca/cwrcdata/Hazlitt_William,hazlwi,MALE 
http://cwrc.ca/cwrcdata/Heaney_Seamus,heanse,MALE 
http://cwrc.ca/cwrcdata/Helme_Elizabeth,helmel,FEMALE 
http://cwrc.ca/cwrcdata/Heloise,helo__,FEMALE 
http://cwrc.ca/cwrcdata/Hemans_Felicia,hemafe,FEMALE 
http://cwrc.ca/cwrcdata/Herbert_Lady_Lucy,herblu,FEMALE 
http://cwrc.ca/cwrcdata/Herschel_Caroline,hersca,FEMALE 
http://cwrc.ca/cwrcdata/Hertford_Frances_Seymour_Countess_of,hertfr,FEMALE 
http://cwrc.ca/cwrcdata/Hervey_Elizabeth_1748_-_1820,hervel,FEMALE 
http://cwrc.ca/cwrcdata/Heyer_Georgette,heyege,FEMALE 
http://cwrc.ca/cwrcdata/Heyrick_Elizabeth,heyrel,FEMALE 
http://cwrc.ca/cwrcdata/Hickey_Emily,hickem,FEMALE 
http://cwrc.ca/cwrcdata/Hickman_Rose,hickro,FEMALE 
http://cwrc.ca/cwrcdata/Highsmith_Patricia,highpa,FEMALE 
http://cwrc.ca/cwrcdata/Hildegarde_of_Bingen,hildbi,FEMALE 
http://cwrc.ca/cwrcdata/Hill_Isabel,hillis,FEMALE 
http://cwrc.ca/cwrcdata/Hill_Selima,hillse,FEMALE 
http://cwrc.ca/cwrcdata/Hill_Susan,hillsu,FEMALE 
http://cwrc.ca/cwrcdata/Hobbes_John_Oliver,hobbjo,FEMALE 
http://cwrc.ca/cwrcdata/Hoby_Margaret,hobyma,FEMALE 
http://cwrc.ca/cwrcdata/Hoey_Frances_Sarah,hoeyfr,FEMALE 
http://cwrc.ca/cwrcdata/Hofland_Barbara,hoflba,FEMALE 
http://cwrc.ca/cwrcdata/Holcroft_Fanny,holcfr,FEMALE 
http://cwrc.ca/cwrcdata/Holcroft_Thomas,holcth,MALE 
http://cwrc.ca/cwrcdata/Holford_Margaret_the_elder,holfma,FEMALE 
http://cwrc.ca/cwrcdata/Holford_Margaret_the_younger,holfm2,FEMALE 
http://cwrc.ca/cwrcdata/Holland_Catherine,hollca,FEMALE 
http://cwrc.ca/cwrcdata/Holme_Constance,holmco,FEMALE 
http://cwrc.ca/cwrcdata/Holtby_Winifred,holtwi,FEMALE 
http://cwrc.ca/cwrcdata/Hooton_Elizabeth,hootel,FEMALE 
http://cwrc.ca/cwrcdata/Hope_Laurence,hopela,FEMALE 
http://cwrc.ca/cwrcdata/Hopkins_Gerard_Manley,hopkge,MALE 
http://cwrc.ca/cwrcdata/Hopton_Susanna,hoptsu,FEMALE 
http://cwrc.ca/cwrcdata/Horne_Richard_Hengist,hornri,MALE 
http://cwrc.ca/cwrcdata/Horovitz_Frances,horofr,FEMALE 
http://cwrc.ca/cwrcdata/Housman_A_E,housae,MALE 
http://cwrc.ca/cwrcdata/Houstoun_Matilda_Charlotte,housma,FEMALE 
http://cwrc.ca/cwrcdata/Howard_Elizabeth_Jane,howael,FEMALE 
http://cwrc.ca/cwrcdata/Howe_Julia_Ward,howeju,FEMALE 
http://cwrc.ca/cwrcdata/Howitt_Anna_Mary,howian,FEMALE 
http://cwrc.ca/cwrcdata/Howitt_Mary,howima,FEMALE 
http://cwrc.ca/cwrcdata/Hrotsvit_of_Gandersheim,hrotga,FEMALE 
http://cwrc.ca/cwrcdata/Hubback_Catherine,hubbca,FEMALE 
http://cwrc.ca/cwrcdata/Hull_E_M,hullem,FEMALE 
http://cwrc.ca/cwrcdata/Hume_Mary_Catherine,humema,FEMALE 
http://cwrc.ca/cwrcdata/Hume_Sophia,humeso,FEMALE 
http://cwrc.ca/cwrcdata/Humphry_Charlotte_Eliza,humpce,FEMALE 
http://cwrc.ca/cwrcdata/Hunt_Leigh,huntle,MALE 
http://cwrc.ca/cwrcdata/Hunt_Violet,huntvi,FEMALE 
http://cwrc.ca/cwrcdata/Hunter_Rachel,huntra,FEMALE 
http://cwrc.ca/cwrcdata/Hurston_Zora_Neale,hurszo,FEMALE 
http://cwrc.ca/cwrcdata/Hutchinson_Lucy,hutclu,FEMALE 
http://cwrc.ca/cwrcdata/Hutton_Catherine,huttca,FEMALE 
http://cwrc.ca/cwrcdata/Hutton_Lucy,huttlu,FEMALE 
http://cwrc.ca/cwrcdata/Huxley_Aldous,huxlal,MALE 
http://cwrc.ca/cwrcdata/Huxley_Elspeth,huxlel,FEMALE 
http://cwrc.ca/cwrcdata/Ibsen_Henrik,ibsehe,MALE 
http://cwrc.ca/cwrcdata/Inchbald_Elizabeth,inchel,FEMALE 
http://cwrc.ca/cwrcdata/Ingelow_Jean,ingeje,FEMALE 
http://cwrc.ca/cwrcdata/Innes_Kathleen_E,inneka,FEMALE 
http://cwrc.ca/cwrcdata/Iremonger_Lucille,iremlu,FEMALE 
http://cwrc.ca/cwrcdata/Irigaray_Luce,iriglu,FEMALE 
http://cwrc.ca/cwrcdata/Irwin_Anne,irwian,FEMALE 
http://cwrc.ca/cwrcdata/Isham_Elizabeth,ishael,FEMALE 
http://cwrc.ca/cwrcdata/Jacob_Naomi,jacona,FEMALE 
http://cwrc.ca/cwrcdata/Jacobs_Harriet,jacoha,FEMALE 
http://cwrc.ca/cwrcdata/Jacson_Frances,jacsfr,FEMALE 
http://cwrc.ca/cwrcdata/Jacson_Maria_Elizabetha,jacsma,FEMALE 
http://cwrc.ca/cwrcdata/Jaeger_Muriel,jaegmu,FEMALE 
http://cwrc.ca/cwrcdata/James_Elinor,jameel,FEMALE 
http://cwrc.ca/cwrcdata/James_Henry,jamehe,MALE 
http://cwrc.ca/cwrcdata/James_P_D,jamepd,FEMALE 
http://cwrc.ca/cwrcdata/Jameson_Anna_Brownell,jamean,FEMALE 
http://cwrc.ca/cwrcdata/Jameson_Storm,jamest,FEMALE 
http://cwrc.ca/cwrcdata/Jamie_Kathleen,jamika,FEMALE 
http://cwrc.ca/cwrcdata/Jay_Harriett,jay_ha,FEMALE 
http://cwrc.ca/cwrcdata/Jebb_Ann,jebban,FEMALE 
http://cwrc.ca/cwrcdata/Jellicoe_Ann,jellan,FEMALE 
http://cwrc.ca/cwrcdata/Jenkin_Henrietta_Camilla,jenkhe,FEMALE 
http://cwrc.ca/cwrcdata/Jenkins_Elizabeth,jenkel,FEMALE 
http://cwrc.ca/cwrcdata/Jennings_Elizabeth,jennel,FEMALE 
http://cwrc.ca/cwrcdata/Jesse_F_Tennyson,jessft,FEMALE 
http://cwrc.ca/cwrcdata/Jevons_Mary_Anne_the_elder,jevoma,FEMALE 
http://cwrc.ca/cwrcdata/Jewett_Sarah_Orne,jewesa,FEMALE 
http://cwrc.ca/cwrcdata/Jewsbury_Geraldine,jewsge,FEMALE 
http://cwrc.ca/cwrcdata/Jewsbury_Maria_Jane,jewsma,FEMALE 
http://cwrc.ca/cwrcdata/Jex-Blake_Sophia,jexbso,FEMALE 
http://cwrc.ca/cwrcdata/Jhabvala_Ruth_Prawer,jhabru,FEMALE 
http://cwrc.ca/cwrcdata/Jin_Meiling,jin_me,FEMALE 
http://cwrc.ca/cwrcdata/Johnson_Jane,johnja,FEMALE 
http://cwrc.ca/cwrcdata/Johnson_Pamela_Hansford,johnpa,FEMALE 
http://cwrc.ca/cwrcdata/Johnson_Pauline,johnp2,FEMALE 
http://cwrc.ca/cwrcdata/Johnson_Samuel,johnsa,MALE 
http://cwrc.ca/cwrcdata/Johnston_Ellen,johnel,FEMALE 
http://cwrc.ca/cwrcdata/Johnston_Jennifer,johnje,FEMALE 
http://cwrc.ca/cwrcdata/Johnstone_Christian_Isobel,johnch,FEMALE 
http://cwrc.ca/cwrcdata/Jolley_Elizabeth,jollel,FEMALE 
http://cwrc.ca/cwrcdata/Jones_E_B_C,joneeb,FEMALE 
http://cwrc.ca/cwrcdata/Jones_Mary,jonema,FEMALE 
http://cwrc.ca/cwrcdata/Joscelin_Elizabeth,joscel,FEMALE 
http://cwrc.ca/cwrcdata/Joyce_James,joycja,MALE 
http://cwrc.ca/cwrcdata/Julian_of_Norwich,julino,FEMALE 
http://cwrc.ca/cwrcdata/Justice_Elizabeth,justel,FEMALE 
http://cwrc.ca/cwrcdata/Kane_Sarah,kanesa,FEMALE 
http://cwrc.ca/cwrcdata/Kantaris_Sylvia,kantsy,FEMALE 
http://cwrc.ca/cwrcdata/Kavan_Anna,kavaan,FEMALE 
http://cwrc.ca/cwrcdata/Kavanagh_Julia,kavaju,FEMALE 
http://cwrc.ca/cwrcdata/Kay_Jackie,kay_ja,FEMALE 
http://cwrc.ca/cwrcdata/Kaye-Smith_Sheila,kayesh,FEMALE 
http://cwrc.ca/cwrcdata/Kazantzis_Judith,kazaju,FEMALE 
http://cwrc.ca/cwrcdata/Keane_Molly,keanmo,FEMALE 
http://cwrc.ca/cwrcdata/Keary_Annie,kearan,FEMALE 
http://cwrc.ca/cwrcdata/Keats_John,keatjo,MALE 
http://cwrc.ca/cwrcdata/Kelly_Isabella,kellis,FEMALE 
http://cwrc.ca/cwrcdata/Kelty_Mary_Ann,keltma,FEMALE 
http://cwrc.ca/cwrcdata/Kemble_Adelaide,kembad,FEMALE 
http://cwrc.ca/cwrcdata/Kemble_Fanny,kembfa,FEMALE 
http://cwrc.ca/cwrcdata/Kemble_Maria_Theresa,kembma,FEMALE 
http://cwrc.ca/cwrcdata/Kempe_Margery,kempma,FEMALE 
http://cwrc.ca/cwrcdata/Kendall_May,kendma,FEMALE 
http://cwrc.ca/cwrcdata/Kennedy_Margaret,kennma,FEMALE 
http://cwrc.ca/cwrcdata/Kilham_Hannah,kilhha,FEMALE 
http://cwrc.ca/cwrcdata/Killigrew_Anne,killan,FEMALE 
http://cwrc.ca/cwrcdata/Kindersley_Jemima,kindje,FEMALE 
http://cwrc.ca/cwrcdata/King_Harriet_Hamilton,kingha,FEMALE 
http://cwrc.ca/cwrcdata/King_Sophia,kingso,FEMALE 
http://cwrc.ca/cwrcdata/Kingsford_Anna,kingan,FEMALE 
http://cwrc.ca/cwrcdata/Kingsley_Fanny,kingfa,FEMALE 
http://cwrc.ca/cwrcdata/Kingsley_Mary,kingma,FEMALE 
http://cwrc.ca/cwrcdata/Kipling_Rudyard,kiplru,MALE 
http://cwrc.ca/cwrcdata/Klickmann_Flora,klicfl,FEMALE 
http://cwrc.ca/cwrcdata/Knight_Ellis_Cornelia,knigel,FEMALE 
http://cwrc.ca/cwrcdata/Knox_Lucy,knoxlu,FEMALE 
http://cwrc.ca/cwrcdata/Kortright_Fanny_Aikin,kortfa,FEMALE 
http://cwrc.ca/cwrcdata/Kristeva_Julia,krisju,FEMALE 
http://cwrc.ca/cwrcdata/L_E_L,lel___,FEMALE 
http://cwrc.ca/cwrcdata/Lafayette_Marie-Madeleine_de,lafama,FEMALE 
http://cwrc.ca/cwrcdata/Laffan_May,laffma,FEMALE 
http://cwrc.ca/cwrcdata/Lamb_Lady_Caroline,lambla,FEMALE 
http://cwrc.ca/cwrcdata/Lamb_Mary_1764_-_1847,lambma,FEMALE 
http://cwrc.ca/cwrcdata/Lambert_Anne-Therese_de,lamban,FEMALE 
http://cwrc.ca/cwrcdata/Lanyer_Aemilia,lanyae,FEMALE 
http://cwrc.ca/cwrcdata/Larkin_Philip,larkph,MALE 
http://cwrc.ca/cwrcdata/Larpent_Anna_Margaretta,larpan,FEMALE 
http://cwrc.ca/cwrcdata/Laski_Marghanita,laskma,FEMALE 
http://cwrc.ca/cwrcdata/Latter_Mary,lattma,FEMALE 
http://cwrc.ca/cwrcdata/Laurence_Margaret,laurma,FEMALE 
http://cwrc.ca/cwrcdata/Lavery_Bryony,lavebr,FEMALE 
http://cwrc.ca/cwrcdata/Lavin_Mary,lavima,FEMALE 
http://cwrc.ca/cwrcdata/Law_William,law_wi,MALE 
http://cwrc.ca/cwrcdata/Lawless_Emily,lawlem,FEMALE 
http://cwrc.ca/cwrcdata/Lawrence_D_H,lawrdh,MALE 
http://cwrc.ca/cwrcdata/Lawrence_Margery,lawrma,FEMALE 
http://cwrc.ca/cwrcdata/Le_Guin_Ursula_K,leguur,FEMALE 
http://cwrc.ca/cwrcdata/Le_Plongeon_Alice_Dixon,leplal,FEMALE 
http://cwrc.ca/cwrcdata/Lead_Jane,leadja,FEMALE 
http://cwrc.ca/cwrcdata/Leadbeater_Mary,leadma,FEMALE 
http://cwrc.ca/cwrcdata/Leakey_Caroline,leakca,FEMALE 
http://cwrc.ca/cwrcdata/Leapor_Mary,leapma,FEMALE 
http://cwrc.ca/cwrcdata/Leavis_Q_D,leavqd,FEMALE 
http://cwrc.ca/cwrcdata/Lee_Harriet,lee_ha,FEMALE 
http://cwrc.ca/cwrcdata/Lee_Sophia,lee_so,FEMALE 
http://cwrc.ca/cwrcdata/Lee_Vernon,lee_ve,FEMALE 
http://cwrc.ca/cwrcdata/Legge_Margaret,leggma,FEMALE 
http://cwrc.ca/cwrcdata/Lehmann_Rosamond,lehmro,FEMALE 
http://cwrc.ca/cwrcdata/Leigh_Dorothy,leigdo,FEMALE 
http://cwrc.ca/cwrcdata/Lennox_Charlotte,lennch,FEMALE 
http://cwrc.ca/cwrcdata/Leonowens_Anna,leonan,FEMALE 
http://cwrc.ca/cwrcdata/Lessing_Doris,lessdo,FEMALE 
http://cwrc.ca/cwrcdata/Lester_Elizabeth_B,lestel,FEMALE 
http://cwrc.ca/cwrcdata/Leverson_Ada,levead,FEMALE 
http://cwrc.ca/cwrcdata/Levertov_Denise,levede,FEMALE 
http://cwrc.ca/cwrcdata/Levy_Amy,levyam,FEMALE 
http://cwrc.ca/cwrcdata/Levy_Andrea,levyan,FEMALE 
http://cwrc.ca/cwrcdata/Levy_Deborah,levyde,FEMALE 
http://cwrc.ca/cwrcdata/Lewes_George_Henry,lewege,MALE 
http://cwrc.ca/cwrcdata/Lewis_Alethea,lewial,FEMALE 
http://cwrc.ca/cwrcdata/Lewis_Sarah_1824_-_1880,lewisa,FEMALE 
http://cwrc.ca/cwrcdata/Lewis_Wyndham,lewiwy,MALE 
http://cwrc.ca/cwrcdata/Lickbarrow_Isabella,lickis,FEMALE 
http://cwrc.ca/cwrcdata/Liddiard_J_S_Anna,liddjs,FEMALE 
http://cwrc.ca/cwrcdata/Lincoln_Elizabeth_Clinton_Countess_of,lincel,FEMALE 
http://cwrc.ca/cwrcdata/Ling_Shuhua,lingsh,FEMALE 
http://cwrc.ca/cwrcdata/Linskill_Mary,linsma,FEMALE 
http://cwrc.ca/cwrcdata/Linton_Eliza_Lynn,lintel,FEMALE 
http://cwrc.ca/cwrcdata/Lister_Anne,listan,FEMALE 
http://cwrc.ca/cwrcdata/Little_Janet,littja,FEMALE 
http://cwrc.ca/cwrcdata/Lively_Penelope,livepe,FEMALE 
http://cwrc.ca/cwrcdata/Lochhead_Liz,lochli,FEMALE 
http://cwrc.ca/cwrcdata/Locke_Anne,lockan,FEMALE 
http://cwrc.ca/cwrcdata/Locke_John,lockjo,MALE 
http://cwrc.ca/cwrcdata/Lofts_Norah,loftno,FEMALE 
http://cwrc.ca/cwrcdata/Logan_Deborah_Norris,logade,FEMALE 
http://cwrc.ca/cwrcdata/Longworth_Maria_Theresa,longma,FEMALE 
http://cwrc.ca/cwrcdata/Lothian_Roxburghe,lothro,FEMALE 
http://cwrc.ca/cwrcdata/Loudon_Jane,loudja,FEMALE 
http://cwrc.ca/cwrcdata/Lowndes_Marie_Belloc,lownma,FEMALE 
http://cwrc.ca/cwrcdata/Loy_Mina,loy_mi,FEMALE 
http://cwrc.ca/cwrcdata/Lucan_Margaret_Bingham_Countess,lucama,FEMALE 
http://cwrc.ca/cwrcdata/Luckham_Claire,luckcl,FEMALE 
http://cwrc.ca/cwrcdata/Lumley_Lady_Jane,lumlja,FEMALE 
http://cwrc.ca/cwrcdata/Lyall_Edna,lyaled,FEMALE 
http://cwrc.ca/cwrcdata/Lynch_Hannah,lyncha,FEMALE 
http://cwrc.ca/cwrcdata/Lyttelton_Edith,lytte2,FEMALE 
http://cwrc.ca/cwrcdata/Lytton_Constance,lyttco,FEMALE 
http://cwrc.ca/cwrcdata/Lytton_Edward_George_Earle_Lytton_Bulwer-Lytton_first_Baron,bulwed,MALE 
http://cwrc.ca/cwrcdata/Lytton_Edward_Robert_Bulwer_Lytton_first_Earl,lytted,MALE 
http://cwrc.ca/cwrcdata/Lytton_Rosina_Bulwer_Lytton_Baroness,lyttro,FEMALE 
http://cwrc.ca/cwrcdata/Macaulay_Catharine,macaca,FEMALE 
http://cwrc.ca/cwrcdata/Macaulay_Rose,macaro,FEMALE 
http://cwrc.ca/cwrcdata/Macaulay_Thomas_Babington_first_Baron,macath,MALE 
http://cwrc.ca/cwrcdata/Machar_Agnes_Maule,machag,FEMALE 
http://cwrc.ca/cwrcdata/Mackay_Shena,macksh,FEMALE 
http://cwrc.ca/cwrcdata/Mackenzie_Anna_Maria,mackan,FEMALE 
http://cwrc.ca/cwrcdata/Mackworth_Cecily,mackce,FEMALE 
http://cwrc.ca/cwrcdata/Macnaughtan_Sarah,macnsa,FEMALE 
http://cwrc.ca/cwrcdata/Macquoid_Katharine_S,macqka,FEMALE 
http://cwrc.ca/cwrcdata/Madan_Judith_Cowper,madaju,FEMALE 
http://cwrc.ca/cwrcdata/Maillart_Ella_K,mailel,FEMALE 
http://cwrc.ca/cwrcdata/Maitland_Sara,maitsa,FEMALE 
http://cwrc.ca/cwrcdata/Major_Elizabeth,majoel,FEMALE 
http://cwrc.ca/cwrcdata/Makin_Bathsua,makiba,FEMALE 
http://cwrc.ca/cwrcdata/Malet_Lucas,malelu,FEMALE 
http://cwrc.ca/cwrcdata/Malory_Sir_Thomas,maloth,MALE 
http://cwrc.ca/cwrcdata/Man_Judith,man_ju,FEMALE 
http://cwrc.ca/cwrcdata/Mandeville_Bernard,mandbe,MALE 
http://cwrc.ca/cwrcdata/Manley_Delarivier,manlde,FEMALE 
http://cwrc.ca/cwrcdata/Mannin_Ethel,mannet,FEMALE 
http://cwrc.ca/cwrcdata/Manning_Anne,mannan,FEMALE 
http://cwrc.ca/cwrcdata/Manning_Olivia,mannol,FEMALE 
http://cwrc.ca/cwrcdata/Mansfield_Katherine,manska,FEMALE 
http://cwrc.ca/cwrcdata/Mantel_Hilary,manthi,FEMALE 
http://cwrc.ca/cwrcdata/Marcet_Jane,marcja,FEMALE 
http://cwrc.ca/cwrcdata/Marguerite_de_Navarre,margna,FEMALE 
http://cwrc.ca/cwrcdata/Marie_de_France,marifr,FEMALE 
http://cwrc.ca/cwrcdata/Mario_Jessie_White,marije,FEMALE 
http://cwrc.ca/cwrcdata/Marishall_Jean,marij2,FEMALE 
http://cwrc.ca/cwrcdata/Markievicz_Constance_Countess,markco,FEMALE 
http://cwrc.ca/cwrcdata/Marlowe_Christopher,marlch,MALE 
http://cwrc.ca/cwrcdata/Marryat_Florence,marrfl,FEMALE 
http://cwrc.ca/cwrcdata/Marsden_Dora,marsdo,FEMALE 
http://cwrc.ca/cwrcdata/Marsden_Kate,marska,FEMALE 
http://cwrc.ca/cwrcdata/Marsh_Anne,marsan,FEMALE 
http://cwrc.ca/cwrcdata/Marsh_Catherine,marsca,FEMALE 
http://cwrc.ca/cwrcdata/Marsh_Ngaio,marsng,FEMALE 
http://cwrc.ca/cwrcdata/Marshall_Emma,marsem,FEMALE 
http://cwrc.ca/cwrcdata/Marsin_M,marsm_,FEMALE 
http://cwrc.ca/cwrcdata/Marson_Una,marsun,FEMALE 
http://cwrc.ca/cwrcdata/Martin_Mary,martma,FEMALE 
http://cwrc.ca/cwrcdata/Martineau_Harriet,martha,FEMALE 
http://cwrc.ca/cwrcdata/Marx_Karl,marxka,MALE 
http://cwrc.ca/cwrcdata/Masham_Damaris,mashda,FEMALE 
http://cwrc.ca/cwrcdata/Masters_Mary,mastma,FEMALE 
http://cwrc.ca/cwrcdata/Mathers_Helen_1851_-_1920,mathhe,FEMALE 
http://cwrc.ca/cwrcdata/Mathews_Eliza_Kirkham,mathel,FEMALE 
http://cwrc.ca/cwrcdata/Mayhew_Henry,mayhhe,MALE 
http://cwrc.ca/cwrcdata/Mayor_Flora_Macdonald,mayofl,FEMALE 
http://cwrc.ca/cwrcdata/McCarthy_Charlotte,mccach,FEMALE 
http://cwrc.ca/cwrcdata/McCarthy_Mary,mccama,FEMALE 
http://cwrc.ca/cwrcdata/McCullers_Carson,mccuca,FEMALE 
http://cwrc.ca/cwrcdata/McGuckian_Medbh,mcgume,FEMALE 
http://cwrc.ca/cwrcdata/McWilliam_Candia,mcwica,FEMALE 
http://cwrc.ca/cwrcdata/Mead_Margaret,meadma,FEMALE 
http://cwrc.ca/cwrcdata/Meade_L_T,meadlt,FEMALE 
http://cwrc.ca/cwrcdata/Meeke_Elizabeth,meekel,FEMALE 
http://cwrc.ca/cwrcdata/Melvill_Elizabeth,melvel,FEMALE 
http://cwrc.ca/cwrcdata/Melville_Herman,melvhe,MALE 
http://cwrc.ca/cwrcdata/Meredith_George,merege,MALE 
http://cwrc.ca/cwrcdata/Meredith_Louisa_Anne,merelo,FEMALE 
http://cwrc.ca/cwrcdata/Meteyard_Eliza,meteel,FEMALE 
http://cwrc.ca/cwrcdata/Mew_Charlotte,mew_ch,FEMALE 
http://cwrc.ca/cwrcdata/Meynell_Alice,meynal,FEMALE 
http://cwrc.ca/cwrcdata/Meynell_Viola,meynvi,FEMALE 
http://cwrc.ca/cwrcdata/Middlemass_Jean,middje,FEMALE 
http://cwrc.ca/cwrcdata/Mildmay_Grace_Lady,mildgr,FEMALE 
http://cwrc.ca/cwrcdata/Miles_Susan,milesu,FEMALE 
http://cwrc.ca/cwrcdata/Mill_John_Stuart,milljo,MALE 
http://cwrc.ca/cwrcdata/Millay_Edna_St_Vincent,milled,FEMALE 
http://cwrc.ca/cwrcdata/Miller_Anna_Lady,millan,FEMALE 
http://cwrc.ca/cwrcdata/Miller_Betty,millbe,FEMALE 
http://cwrc.ca/cwrcdata/Milne_Christian,milnch,FEMALE 
http://cwrc.ca/cwrcdata/Milton_John,miltjo,MALE 
http://cwrc.ca/cwrcdata/Minifie_Margaret,minima,FEMALE 
http://cwrc.ca/cwrcdata/Mirrlees_Hope,mirrho,FEMALE 
http://cwrc.ca/cwrcdata/Mitchison_Naomi,mitcna,FEMALE 
http://cwrc.ca/cwrcdata/Mitford_Mary_Russell,mitfma,FEMALE 
http://cwrc.ca/cwrcdata/Mitford_Nancy,mitfna,FEMALE 
http://cwrc.ca/cwrcdata/Moffat_Gwen,moffgw,FEMALE 
http://cwrc.ca/cwrcdata/Moggach_Deborah,moggde,FEMALE 
http://cwrc.ca/cwrcdata/Molesworth_Mary_Louisa,molema,FEMALE 
http://cwrc.ca/cwrcdata/Mollineux_Mary,mollma,FEMALE 
http://cwrc.ca/cwrcdata/Montagu_Elizabeth,montel,FEMALE 
http://cwrc.ca/cwrcdata/Montagu_Lady_Mary_Wortley,montma,FEMALE 
http://cwrc.ca/cwrcdata/Montefiore_Charlotte,montc2,FEMALE 
http://cwrc.ca/cwrcdata/Montgomery_L_M,montlm,FEMALE 
http://cwrc.ca/cwrcdata/Moodie_Susanna,moodsu,FEMALE 
http://cwrc.ca/cwrcdata/Moody_Elizabeth,moodel,FEMALE 
http://cwrc.ca/cwrcdata/Moore_Edith_Mary,moored,FEMALE 
http://cwrc.ca/cwrcdata/Moore_Marianne,moorma,FEMALE 
http://cwrc.ca/cwrcdata/Moore_Thomas,moorth,MALE 
http://cwrc.ca/cwrcdata/Mordaunt_Elinor,mordel,FEMALE 
http://cwrc.ca/cwrcdata/More_Hannah,moreha,FEMALE 
http://cwrc.ca/cwrcdata/More_Mary,morema,FEMALE 
http://cwrc.ca/cwrcdata/Morgan_Sydney_Owenson_Lady,morgsy,FEMALE 
http://cwrc.ca/cwrcdata/Morrell_Lady_Ottoline,morrot,FEMALE 
http://cwrc.ca/cwrcdata/Morris_Jan,morrja,TRANSGENDERED MALE-TO-FEMALE 
http://cwrc.ca/cwrcdata/Morris_William,morrwi,MALE 
http://cwrc.ca/cwrcdata/Morrison_Toni,morrto,FEMALE 
http://cwrc.ca/cwrcdata/Mortimer_Penelope,mortpe,FEMALE 
http://cwrc.ca/cwrcdata/Morton_Sarah_Wentworth,mortsa,FEMALE 
http://cwrc.ca/cwrcdata/Moss_Celia,mossce,FEMALE 
http://cwrc.ca/cwrcdata/Moss_Marion,mossma,FEMALE 
http://cwrc.ca/cwrcdata/Mosse_Henrietta_Rouviere,mosshe,FEMALE 
http://cwrc.ca/cwrcdata/Moulsworth_Martha,moulma,FEMALE 
http://cwrc.ca/cwrcdata/Mozley_Anne,mozlan,FEMALE 
http://cwrc.ca/cwrcdata/Mozley_Harriett,mozlha,FEMALE 
http://cwrc.ca/cwrcdata/Muir_Willa,muirwi,FEMALE 
http://cwrc.ca/cwrcdata/Muller_Henrietta,mullhe,FEMALE 
http://cwrc.ca/cwrcdata/Munro_Alice,munral,FEMALE 
http://cwrc.ca/cwrcdata/Munro_Georgina,munrge,FEMALE 
http://cwrc.ca/cwrcdata/Murdoch_Iris,murdir,FEMALE 
http://cwrc.ca/cwrcdata/Murphy_Dervla,murpde,FEMALE 
http://cwrc.ca/cwrcdata/Murray_Eunice_Guthrie,murreu,FEMALE 
http://cwrc.ca/cwrcdata/Murray_Grisell,murrgr,FEMALE 
http://cwrc.ca/cwrcdata/Murray_Judith_Sargent,murrju,FEMALE 
http://cwrc.ca/cwrcdata/Murray_Sarah,murrsa,FEMALE 
http://cwrc.ca/cwrcdata/Naden_Constance,nadeco,FEMALE 
http://cwrc.ca/cwrcdata/Naidu_Sarojini,naidsa,FEMALE 
http://cwrc.ca/cwrcdata/Nairne_Carolina_Oliphant_Lady,nairca,FEMALE 
http://cwrc.ca/cwrcdata/Napier_Elma,napiel,FEMALE 
http://cwrc.ca/cwrcdata/Nesbit_E,nesbe_,FEMALE 
http://cwrc.ca/cwrcdata/Newman_John_Henry,newmjo,MALE 
http://cwrc.ca/cwrcdata/Newton_Sir_Isaac,newtis,MALE 
http://cwrc.ca/cwrcdata/Ni_Chuilleanain_Eilean,nichei,FEMALE 
http://cwrc.ca/cwrcdata/Nichols_Grace,nichgr,FEMALE 
http://cwrc.ca/cwrcdata/Nietzsche_Friedrich_Wilhelm,nietfr,MALE 
http://cwrc.ca/cwrcdata/Nightingale_Florence,nighfl,FEMALE 
http://cwrc.ca/cwrcdata/Nihell_Elizabeth,niheel,FEMALE 
http://cwrc.ca/cwrcdata/Nithsdale_Winifred_Maxwell_Countess_of,nithwi,FEMALE 
http://cwrc.ca/cwrcdata/Nooth_Charlotte,nootch,FEMALE 
http://cwrc.ca/cwrcdata/Norris_John,norrjo,MALE 
http://cwrc.ca/cwrcdata/Norton_Caroline,nortca,FEMALE 
http://cwrc.ca/cwrcdata/Norton_Frances_Lady,nortfr,FEMALE 
http://cwrc.ca/cwrcdata/Notley_Frances,notlfr,FEMALE 
http://cwrc.ca/cwrcdata/Nott_Kathleen,nottka,FEMALE 
http://cwrc.ca/cwrcdata/Oakley_Ann,oaklan,FEMALE 
http://cwrc.ca/cwrcdata/OBrien_Charlotte_Grace,obrich,FEMALE 
http://cwrc.ca/cwrcdata/OBrien_Edna,obried,FEMALE 
http://cwrc.ca/cwrcdata/OBrien_Kate,obrika,FEMALE 
http://cwrc.ca/cwrcdata/OConor_Eccles_Charlotte,ecclch,FEMALE 
http://cwrc.ca/cwrcdata/OFaolain_Julia,ofaoju,FEMALE 
http://cwrc.ca/cwrcdata/Ogilvy_Eliza,ogilel,FEMALE 
http://cwrc.ca/cwrcdata/Ogle_Anne,oglean,FEMALE 
http://cwrc.ca/cwrcdata/OKeeffe_Adelaide,okeead,FEMALE 
http://cwrc.ca/cwrcdata/Oliphant_Margaret,olipma,FEMALE 
http://cwrc.ca/cwrcdata/Olsen_Tillie,olseti,FEMALE 
http://cwrc.ca/cwrcdata/Oman_Carola,omanca,FEMALE 
http://cwrc.ca/cwrcdata/ONeill_Frances,oneifr,FEMALE 
http://cwrc.ca/cwrcdata/Opie_Amelia,opieam,FEMALE 
http://cwrc.ca/cwrcdata/Orczy_Emmuska_Baroness,orczem,FEMALE 
http://cwrc.ca/cwrcdata/Orwell_George,orwege,MALE 
http://cwrc.ca/cwrcdata/Osborne_Dorothy,osbodo,FEMALE 
http://cwrc.ca/cwrcdata/Otway_Thomas,otwath,MALE 
http://cwrc.ca/cwrcdata/Ouida,ouid__,FEMALE 
http://cwrc.ca/cwrcdata/Owen_Jane,owenja,FEMALE 
http://cwrc.ca/cwrcdata/Oyeyemi_Helen,oyeyhe,FEMALE 
http://cwrc.ca/cwrcdata/Padel_Ruth,paderu,FEMALE 
http://cwrc.ca/cwrcdata/Pagan_Isabel,pagais,FEMALE 
http://cwrc.ca/cwrcdata/Page_Louise,pagelo,FEMALE 
http://cwrc.ca/cwrcdata/Paine_Thomas_1737_-_1809,painth,MALE 
http://cwrc.ca/cwrcdata/Palmer_Alicia_Tyndal,palmal,FEMALE 
http://cwrc.ca/cwrcdata/Palmer_Mary,palmma,FEMALE 
http://cwrc.ca/cwrcdata/Pankhurst_Christabel,pankch,FEMALE 
http://cwrc.ca/cwrcdata/Pankhurst_Emmeline,pankem,FEMALE 
http://cwrc.ca/cwrcdata/Pankhurst_Sylvia,panksy,FEMALE 
http://cwrc.ca/cwrcdata/Panter-Downes_Mollie,pantmo,FEMALE 
http://cwrc.ca/cwrcdata/Pardoe_Julia,pardju,FEMALE 
http://cwrc.ca/cwrcdata/Parker_Elizabeth_Mary,parkel,FEMALE 
http://cwrc.ca/cwrcdata/Parker_Emma,parkem,FEMALE 
http://cwrc.ca/cwrcdata/Parker_Mary_Ann,parkma,FEMALE 
http://cwrc.ca/cwrcdata/Parkes_Bessie_Rayner,parkbe,FEMALE 
http://cwrc.ca/cwrcdata/Parr_Katherine,parrka,FEMALE 
http://cwrc.ca/cwrcdata/Parr_Susanna,parrsu,FEMALE 
http://cwrc.ca/cwrcdata/Parsons_Eliza,parsel,FEMALE 
http://cwrc.ca/cwrcdata/Paston_George,pastge,FEMALE 
http://cwrc.ca/cwrcdata/Pater_Walter,patewa,MALE 
http://cwrc.ca/cwrcdata/Patmore_Coventry,patmco,MALE 
http://cwrc.ca/cwrcdata/Patrick_Mrs_F_C,patrmr,FEMALE 
http://cwrc.ca/cwrcdata/Peard_Frances_Mary,pearfr,FEMALE 
http://cwrc.ca/cwrcdata/Pearson_Sarah,pearsu,FEMALE 
http://cwrc.ca/cwrcdata/Peck_Winifred,peckwi,FEMALE 
http://cwrc.ca/cwrcdata/Peisley_Mary,peisma,FEMALE 
http://cwrc.ca/cwrcdata/Pembroke_Mary_Sidney_Herbert_Countess_of,pembma,FEMALE 
http://cwrc.ca/cwrcdata/Penington_Mary,penima,FEMALE 
http://cwrc.ca/cwrcdata/Pennington_Sarah_Lady,pennsa,FEMALE 
http://cwrc.ca/cwrcdata/Pethick-Lawrence_Emmeline,pethem,FEMALE 
http://cwrc.ca/cwrcdata/Petrarch,petr__,MALE 
http://cwrc.ca/cwrcdata/Pfeiffer_Emily_Jane,pfeiem,FEMALE 
http://cwrc.ca/cwrcdata/Phelps_Elizabeth_Stuart,phelel,FEMALE 
http://cwrc.ca/cwrcdata/Philips_Katherine,philka,FEMALE 
http://cwrc.ca/cwrcdata/Phillips_Catherine,philca,FEMALE 
http://cwrc.ca/cwrcdata/Phillips_Teresia_Constantia,philte,FEMALE 
http://cwrc.ca/cwrcdata/Piers_Sarah_Lady,piersa,FEMALE 
http://cwrc.ca/cwrcdata/Pilkington_Laetitia,pilkla,FEMALE 
http://cwrc.ca/cwrcdata/Pinnock_Winsome,pinnwi,FEMALE 
http://cwrc.ca/cwrcdata/Pinter_Harold,pintha,MALE 
http://cwrc.ca/cwrcdata/Piozzi_Hester_Lynch,piozhe,FEMALE 
http://cwrc.ca/cwrcdata/Pitter_Ruth,pittru,FEMALE 
http://cwrc.ca/cwrcdata/Pix_Mary,pix_ma,FEMALE 
http://cwrc.ca/cwrcdata/Plaidy_Jean,plaije,FEMALE 
http://cwrc.ca/cwrcdata/Plath_Sylvia,platsy,FEMALE 
http://cwrc.ca/cwrcdata/Plumptre_Annabella,pluma2,FEMALE 
http://cwrc.ca/cwrcdata/Plumptre_Anne,pluman,FEMALE 
http://cwrc.ca/cwrcdata/Plumptre_C_E,plumce,FEMALE 
http://cwrc.ca/cwrcdata/Poe_Edgar_Allan,poe_ed,MALE 
http://cwrc.ca/cwrcdata/Polwhele_Elizabeth,polwel,FEMALE 
http://cwrc.ca/cwrcdata/Pope_Alexander,popeal,MALE 
http://cwrc.ca/cwrcdata/Porden_Eleanor_Anne,pordel,FEMALE 
http://cwrc.ca/cwrcdata/Porter_Anna_Maria,portan,FEMALE 
http://cwrc.ca/cwrcdata/Porter_Jane,portja,FEMALE 
http://cwrc.ca/cwrcdata/Potter_Beatrix,pottbe,FEMALE 
http://cwrc.ca/cwrcdata/Pound_Ezra,pounez,MALE 
http://cwrc.ca/cwrcdata/Prince_Mary,prinma,FEMALE 
http://cwrc.ca/cwrcdata/Procter_Adelaide,procad,FEMALE 
http://cwrc.ca/cwrcdata/Proust_Marcel,prouma,MALE 
http://cwrc.ca/cwrcdata/Pugh_Sheenagh,pughsh,FEMALE 
http://cwrc.ca/cwrcdata/Pulter_Lady_Hester,pulthe,FEMALE 
http://cwrc.ca/cwrcdata/Purcell_Sally,purcsa,FEMALE 
http://cwrc.ca/cwrcdata/Pym_Barbara,pym_ba,FEMALE 
http://cwrc.ca/cwrcdata/Quin_Ann,quinan,FEMALE 
http://cwrc.ca/cwrcdata/Radcliffe_Ann,radcan,FEMALE 
http://cwrc.ca/cwrcdata/Radcliffe_Mary_Ann,radcma,FEMALE 
http://cwrc.ca/cwrcdata/Raine_Kathleen,rainka,FEMALE 
http://cwrc.ca/cwrcdata/Ramabai_Pandita,ramapa,FEMALE 
http://cwrc.ca/cwrcdata/Rathbone_Eleanor,rathel,FEMALE 
http://cwrc.ca/cwrcdata/Rathbone_Hannah_Mary,rathha,FEMALE 
http://cwrc.ca/cwrcdata/Reeve_Clara,reevcl,FEMALE 
http://cwrc.ca/cwrcdata/Reeves_Amber,reevam,FEMALE 
http://cwrc.ca/cwrcdata/Reid_Marion,reidma,FEMALE 
http://cwrc.ca/cwrcdata/Renault_Mary,renama,FEMALE 
http://cwrc.ca/cwrcdata/Rendell_Ruth,rendru,FEMALE 
http://cwrc.ca/cwrcdata/Reynolds_Frances,reynfr,FEMALE 
http://cwrc.ca/cwrcdata/Rhondda_Margaret_Haig_Viscountess,rhonma,FEMALE 
http://cwrc.ca/cwrcdata/Rhys_Jean,rhysje,FEMALE 
http://cwrc.ca/cwrcdata/Rich_Adrienne,richad,FEMALE 
http://cwrc.ca/cwrcdata/Richardson_Dorothy,richdo,FEMALE 
http://cwrc.ca/cwrcdata/Richardson_Elizabeth,richel,FEMALE 
http://cwrc.ca/cwrcdata/Richardson_Henry_Handel,richhe,FEMALE 
http://cwrc.ca/cwrcdata/Richardson_Samuel,richsa,MALE 
http://cwrc.ca/cwrcdata/Riddell_Charlotte,riddch,FEMALE 
http://cwrc.ca/cwrcdata/Riddell_Maria,riddma,FEMALE 
http://cwrc.ca/cwrcdata/Riding_Laura,ridila,FEMALE 
http://cwrc.ca/cwrcdata/Ridler_Anne,ridlan,FEMALE 
http://cwrc.ca/cwrcdata/Rigby_Elizabeth,rigbel,FEMALE 
http://cwrc.ca/cwrcdata/Riley_Joan,rilejo,FEMALE 
http://cwrc.ca/cwrcdata/Ritchie_Anne_Thackeray,ritcan,FEMALE 
http://cwrc.ca/cwrcdata/Roberts_Emma,robeem,FEMALE 
http://cwrc.ca/cwrcdata/Roberts_Margaret,robema,FEMALE 
http://cwrc.ca/cwrcdata/Roberts_Michele,robemi,FEMALE 
http://cwrc.ca/cwrcdata/Roberts_Radagunda,robera,FEMALE 
http://cwrc.ca/cwrcdata/Robertson_E_Arnot,robeea,FEMALE 
http://cwrc.ca/cwrcdata/Robins_Elizabeth,robiel,FEMALE 
http://cwrc.ca/cwrcdata/Robinson_A_Mary_F,robiam,FEMALE 
http://cwrc.ca/cwrcdata/Robinson_Emma,robiem,FEMALE 
http://cwrc.ca/cwrcdata/Robinson_F_Mabel,robifm,FEMALE 
http://cwrc.ca/cwrcdata/Robinson_Isabella_Hamilton,robiis,FEMALE 
http://cwrc.ca/cwrcdata/Robinson_Mary,robima,FEMALE 
http://cwrc.ca/cwrcdata/Roche_Regina_Maria,rochre,FEMALE 
http://cwrc.ca/cwrcdata/Rochester_John_Wilmot_second_Earl_of,rochjo,MALE 
http://cwrc.ca/cwrcdata/Roper_Margaret,ropema,FEMALE 
http://cwrc.ca/cwrcdata/Ros_Amanda_McKittrick,ros_am,FEMALE 
http://cwrc.ca/cwrcdata/Ross_Catharine_Colace,rossca,FEMALE 
http://cwrc.ca/cwrcdata/Ross_Martin,rossm2,FEMALE 
http://cwrc.ca/cwrcdata/Rossetti_Christina,rossch,FEMALE 
http://cwrc.ca/cwrcdata/Rossetti_Dante_Gabriel,rossda,MALE 
http://cwrc.ca/cwrcdata/Rousseau_Jean-Jacques,rousje,MALE 
http://cwrc.ca/cwrcdata/Rowden_Frances_Arabella,rowdfr,FEMALE 
http://cwrc.ca/cwrcdata/Rowe_Elizabeth_Singer,roweel,FEMALE 
http://cwrc.ca/cwrcdata/Rowling_J_K,rowljk,FEMALE 
http://cwrc.ca/cwrcdata/Rowson_Susanna_Haswell,rowssu,FEMALE 
http://cwrc.ca/cwrcdata/Royde-Smith_Naomi,roydna,FEMALE 
http://cwrc.ca/cwrcdata/Royden_Maude,roydma,FEMALE 
http://cwrc.ca/cwrcdata/Rubens_Bernice,rubebe,FEMALE 
http://cwrc.ca/cwrcdata/Ruck_Berta,ruckbe,FEMALE 
http://cwrc.ca/cwrcdata/Rumens_Carol,rumeca,FEMALE 
http://cwrc.ca/cwrcdata/Ruskin_John,ruskjo,MALE 
http://cwrc.ca/cwrcdata/Russell_Dora,russdo,FEMALE 
http://cwrc.ca/cwrcdata/Russell_Jessie,russje,FEMALE 
http://cwrc.ca/cwrcdata/Russell_Lady_Rachel,russra,FEMALE 
http://cwrc.ca/cwrcdata/Rymer_James_Malcolm,rymeja,MALE 
http://cwrc.ca/cwrcdata/Sackville-West_Vita,sackvi,FEMALE 
http://cwrc.ca/cwrcdata/Sackville_Lady_Margaret,sackma,FEMALE 
http://cwrc.ca/cwrcdata/Sand_George,sandge,FEMALE 
http://cwrc.ca/cwrcdata/Sandbach_Margaret,sandma,FEMALE 
http://cwrc.ca/cwrcdata/Sappho,sapp__,FEMALE 
http://cwrc.ca/cwrcdata/Savage_Mary,savama,FEMALE 
http://cwrc.ca/cwrcdata/Savage_Sarah,savasa,FEMALE 
http://cwrc.ca/cwrcdata/Savi_Ethel,saviet,FEMALE 
http://cwrc.ca/cwrcdata/Sayers_Dorothy_L,sayedo,FEMALE 
http://cwrc.ca/cwrcdata/Schimmelpenninck_Mary_Anne,schima,FEMALE 
http://cwrc.ca/cwrcdata/Schreiner_Olive,schrol,FEMALE 
http://cwrc.ca/cwrcdata/Schurman_Anna_Maria_van,schuan,FEMALE 
http://cwrc.ca/cwrcdata/Schutze_Gladys_Henrietta,schugl,FEMALE 
http://cwrc.ca/cwrcdata/Scott_Caroline,scotca,FEMALE 
http://cwrc.ca/cwrcdata/Scott_Catharine_Amy_Dawson,scotc_,FEMALE 
http://cwrc.ca/cwrcdata/Scott_Mary,scotma,FEMALE 
http://cwrc.ca/cwrcdata/Scott_Sarah,scotsa,FEMALE 
http://cwrc.ca/cwrcdata/Scott_Sir_Walter,scotwa,MALE 
http://cwrc.ca/cwrcdata/Scovell_E_J,scovej,FEMALE 
http://cwrc.ca/cwrcdata/Scudery_Madeleine_de,scudma,FEMALE 
http://cwrc.ca/cwrcdata/Seacole_Mary,seacma,FEMALE 
http://cwrc.ca/cwrcdata/Sedgwick_Catharine_Maria,sedgca,FEMALE 
http://cwrc.ca/cwrcdata/Senior_Olive,seniol,FEMALE 
http://cwrc.ca/cwrcdata/Sevigne_Marie_de,sevima,FEMALE 
http://cwrc.ca/cwrcdata/Seward_Anna,sewaan,FEMALE 
http://cwrc.ca/cwrcdata/Sewell_Anna,sewean,FEMALE 
http://cwrc.ca/cwrcdata/Sewell_Elizabeth,seweel,FEMALE 
http://cwrc.ca/cwrcdata/Sewell_Mary,sewema,FEMALE 
http://cwrc.ca/cwrcdata/Sexton_Anne,sextan,FEMALE 
http://cwrc.ca/cwrcdata/Shakespeare_William,shakwi,MALE 
http://cwrc.ca/cwrcdata/Shamsie_Kamila,shamka,FEMALE 
http://cwrc.ca/cwrcdata/Shapcott_Jo,shapjo,FEMALE 
http://cwrc.ca/cwrcdata/Sharp_Evelyn,sharev,FEMALE 
http://cwrc.ca/cwrcdata/Sharp_Jane,sharja,FEMALE 
http://cwrc.ca/cwrcdata/Shaw_Flora,shawfl,FEMALE 
http://cwrc.ca/cwrcdata/Shaw_George_Bernard,shawge,MALE 
http://cwrc.ca/cwrcdata/Shaw_Hester,shawhe,FEMALE 
http://cwrc.ca/cwrcdata/Shelley_Mary,shelma,FEMALE 
http://cwrc.ca/cwrcdata/Shelley_Percy_Bysshe,shelpe,MALE 
http://cwrc.ca/cwrcdata/Shepherd_Nan,shepna,FEMALE 
http://cwrc.ca/cwrcdata/Sheridan_Frances,sherfr,FEMALE 
http://cwrc.ca/cwrcdata/Sheridan_Richard_Brinsley,sherri,MALE 
http://cwrc.ca/cwrcdata/Sherwood_Mary_Martha,sherma,FEMALE 
http://cwrc.ca/cwrcdata/Shields_Carol,shieca,FEMALE 
http://cwrc.ca/cwrcdata/Shirley_Elizabeth,shirel,FEMALE 
http://cwrc.ca/cwrcdata/Shirreff_Emily,shirem,FEMALE 
http://cwrc.ca/cwrcdata/Shore_Arabella,shorar,FEMALE 
http://cwrc.ca/cwrcdata/Shore_Louisa_Catherine,shorlo,FEMALE 
http://cwrc.ca/cwrcdata/Shore_Margaret_Emily,shorma,FEMALE 
http://cwrc.ca/cwrcdata/Showes_Mrs,showmr,FEMALE 
http://cwrc.ca/cwrcdata/Shuttle_Penelope,shutpe,FEMALE 
http://cwrc.ca/cwrcdata/Siddal_Elizabeth,siddel,FEMALE 
http://cwrc.ca/cwrcdata/Sidgwick_Ethel,sidget,FEMALE 
http://cwrc.ca/cwrcdata/Sidney_Sir_Philip,sidnph,MALE 
http://cwrc.ca/cwrcdata/Sigerson_Dora,sigedo,FEMALE 
http://cwrc.ca/cwrcdata/Sigourney_Lydia_Howard,sigoly,FEMALE 
http://cwrc.ca/cwrcdata/Simcoe_Elizabeth_Postuma,simcel,FEMALE 
http://cwrc.ca/cwrcdata/Simcox_Edith_J,simced,FEMALE 
http://cwrc.ca/cwrcdata/Sinclair_Catherine,sincca,FEMALE 
http://cwrc.ca/cwrcdata/Sinclair_May,sincma,FEMALE 
http://cwrc.ca/cwrcdata/Sitwell_Edith,sitwed,FEMALE 
http://cwrc.ca/cwrcdata/Skene_Felicia,skenfe,FEMALE 
http://cwrc.ca/cwrcdata/Skinn_Ann_Masterman,skinan,FEMALE 
http://cwrc.ca/cwrcdata/Sleath_Eleanor,sleael,FEMALE 
http://cwrc.ca/cwrcdata/Slovo_Gillian,slovgi,FEMALE 
http://cwrc.ca/cwrcdata/Smedley_Constance,smedco,FEMALE 
http://cwrc.ca/cwrcdata/Smedley_Menella_Bute,smedme,FEMALE 
http://cwrc.ca/cwrcdata/Smith_Ali,smital,FEMALE 
http://cwrc.ca/cwrcdata/Smith_Charlotte,smitch,FEMALE 
http://cwrc.ca/cwrcdata/Smith_Dodie,smitdo,FEMALE 
http://cwrc.ca/cwrcdata/Smith_Elizabeth_1776_-_1806,smitel,FEMALE 
http://cwrc.ca/cwrcdata/Smith_Lucy_Toulmin,smitlu,FEMALE 
http://cwrc.ca/cwrcdata/Smith_Stevie,smitst,FEMALE 
http://cwrc.ca/cwrcdata/Smith_Zadie,smitza,FEMALE 
http://cwrc.ca/cwrcdata/Smollett_Tobias,smolto,MALE 
http://cwrc.ca/cwrcdata/Smyth_Ethel,smytet,FEMALE 
http://cwrc.ca/cwrcdata/Smythies_Harriet,smytha,FEMALE 
http://cwrc.ca/cwrcdata/Smythies_Susan,smytsu,FEMALE 
http://cwrc.ca/cwrcdata/Somerville_Edith,someed,FEMALE 
http://cwrc.ca/cwrcdata/Somerville_Mary,somema,FEMALE 
http://cwrc.ca/cwrcdata/Southcott_Joanna,soutjo,FEMALE 
http://cwrc.ca/cwrcdata/Southey_Robert,soutro,MALE 
http://cwrc.ca/cwrcdata/Southwell_Anne_Lady,soutan,FEMALE 
http://cwrc.ca/cwrcdata/Sowerby_Githa,sowegi,FEMALE 
http://cwrc.ca/cwrcdata/Spark_Muriel,sparmu,FEMALE 
http://cwrc.ca/cwrcdata/Speght_Rachel,spegra,FEMALE 
http://cwrc.ca/cwrcdata/Spence_Elizabeth_Isabella,spenel,FEMALE 
http://cwrc.ca/cwrcdata/Spencer_Herbert,spenhe,MALE 
http://cwrc.ca/cwrcdata/Spender_Emily,spenem,FEMALE 
http://cwrc.ca/cwrcdata/Spenser_Edmund,spened,MALE 
http://cwrc.ca/cwrcdata/Squire_Jane,squija,FEMALE 
http://cwrc.ca/cwrcdata/St_John_Christopher,stjoch,FEMALE 
http://cwrc.ca/cwrcdata/Stael_Germaine_de,staege,FEMALE 
http://cwrc.ca/cwrcdata/Stark_Freya,starfr,FEMALE 
http://cwrc.ca/cwrcdata/Starke_Mariana,starma,FEMALE 
http://cwrc.ca/cwrcdata/Stead_Christina,steach,FEMALE 
http://cwrc.ca/cwrcdata/Steel_Flora_Annie,steefl,FEMALE 
http://cwrc.ca/cwrcdata/Steele_Anna,steean,FEMALE 
http://cwrc.ca/cwrcdata/Steele_Anne,steea2,FEMALE 
http://cwrc.ca/cwrcdata/Steele_Sir_Richard,steeri,MALE 
http://cwrc.ca/cwrcdata/Stein_Gertrude,steige,FEMALE 
http://cwrc.ca/cwrcdata/Stern_G_B,stergb,FEMALE 
http://cwrc.ca/cwrcdata/Sterne_Laurence,sterla,MALE 
http://cwrc.ca/cwrcdata/Stevenson_Anne,stevan,FEMALE 
http://cwrc.ca/cwrcdata/Stewart_Mary,stewma,FEMALE 
http://cwrc.ca/cwrcdata/Stirredge_Elizabeth,stirel,FEMALE 
http://cwrc.ca/cwrcdata/Stockdale_Mary,stocma,FEMALE 
http://cwrc.ca/cwrcdata/Stone_Elizabeth,stonel,FEMALE 
http://cwrc.ca/cwrcdata/Stone_Sarah,stonsa,FEMALE 
http://cwrc.ca/cwrcdata/Stopes_Charlotte,stopch,FEMALE 
http://cwrc.ca/cwrcdata/Stopes_Marie,stopma,FEMALE 
http://cwrc.ca/cwrcdata/Storm_Lesley,storle,FEMALE 
http://cwrc.ca/cwrcdata/Stott_Mary,stotma,FEMALE 
http://cwrc.ca/cwrcdata/Stowe_Harriet_Beecher,stowha,FEMALE 
http://cwrc.ca/cwrcdata/Strachey_Julia,straju,FEMALE 
http://cwrc.ca/cwrcdata/Strachey_Ray,strara,FEMALE 
http://cwrc.ca/cwrcdata/Strathmore_Mary_Eleanor_Bowes_Countess_of,strama,FEMALE 
http://cwrc.ca/cwrcdata/Streatfeild_Noel,streno,FEMALE 
http://cwrc.ca/cwrcdata/Stretton_Hesba,strehe,FEMALE 
http://cwrc.ca/cwrcdata/Stretton_Julia,streju,FEMALE 
http://cwrc.ca/cwrcdata/Strickland_Agnes,striag,FEMALE 
http://cwrc.ca/cwrcdata/Strickland_Elizabeth,striel,FEMALE 
http://cwrc.ca/cwrcdata/Struther_Jan,struja,FEMALE 
http://cwrc.ca/cwrcdata/Strutt_Elizabeth,struel,FEMALE 
http://cwrc.ca/cwrcdata/Stuart_Lady_Arbella,stuaar,FEMALE 
http://cwrc.ca/cwrcdata/Stuart_Lady_Louisa,stualo,FEMALE 
http://cwrc.ca/cwrcdata/Sulter_Maud,sultma,FEMALE 
http://cwrc.ca/cwrcdata/Sumbel_Leah,sumble,FEMALE 
http://cwrc.ca/cwrcdata/Swan_Annie_S,swana2,FEMALE 
http://cwrc.ca/cwrcdata/Swanwick_Anna,swanan,FEMALE 
http://cwrc.ca/cwrcdata/Swift_Jonathan,swifjo,MALE 
http://cwrc.ca/cwrcdata/Swinburne_Algernon_Charles,swinal,MALE 
http://cwrc.ca/cwrcdata/Sykes_Henrietta,sykehe,FEMALE 
http://cwrc.ca/cwrcdata/Synge_John_Millington,syngjm,MALE 
http://cwrc.ca/cwrcdata/Talbot_Catherine,talbca,FEMALE 
http://cwrc.ca/cwrcdata/Tatlock_Eleanor,tatlel,FEMALE 
http://cwrc.ca/cwrcdata/Tautphoeus_Jemima,tautje,FEMALE 
http://cwrc.ca/cwrcdata/Taylor_Ann_Martin,taylan,FEMALE 
http://cwrc.ca/cwrcdata/Taylor_Elizabeth,tayle2,FEMALE 
http://cwrc.ca/cwrcdata/Taylor_Harriet,taylha,FEMALE 
http://cwrc.ca/cwrcdata/Taylor_Helen,taylhe,FEMALE 
http://cwrc.ca/cwrcdata/Taylor_Jane,taylja,FEMALE 
http://cwrc.ca/cwrcdata/Taylor_Mary,taylma,FEMALE 
http://cwrc.ca/cwrcdata/Teft_Elizabeth,teftel,FEMALE 
http://cwrc.ca/cwrcdata/Templeton_Edith,temped,FEMALE 
http://cwrc.ca/cwrcdata/Tennant_Emma,tennem,FEMALE 
http://cwrc.ca/cwrcdata/Tenney_Tabitha,tennta,FEMALE 
http://cwrc.ca/cwrcdata/Tennyson_Alfred,tennal,MALE 
http://cwrc.ca/cwrcdata/Tey_Josephine,tey_jo,FEMALE 
http://cwrc.ca/cwrcdata/Thackeray_William_Makepeace,thacwi,MALE 
http://cwrc.ca/cwrcdata/Thicknesse_Ann,thican,FEMALE 
http://cwrc.ca/cwrcdata/Thimelby_Gertrude,thimge,FEMALE 
http://cwrc.ca/cwrcdata/Thimelby_Winefrid,thimwi,FEMALE 
http://cwrc.ca/cwrcdata/Thirkell_Angela,thiran,FEMALE 
http://cwrc.ca/cwrcdata/Thomas_Dylan,thomdy,MALE 
http://cwrc.ca/cwrcdata/Thomas_Elizabeth,thomel,FEMALE 
http://cwrc.ca/cwrcdata/Thomas_Elizabeth_b_1771,thome2,FEMALE 
http://cwrc.ca/cwrcdata/Thompson_Flora,thomfl,FEMALE 
http://cwrc.ca/cwrcdata/Thornton_Alice,thoral,FEMALE 
http://cwrc.ca/cwrcdata/Thurston_Katherine_Cecil,thurka,FEMALE 
http://cwrc.ca/cwrcdata/Tighe_Mary,tighma,FEMALE 
http://cwrc.ca/cwrcdata/Tindal_Henrietta_Euphemia,tindhe,FEMALE 
http://cwrc.ca/cwrcdata/Tinsley_Annie,tinsan,FEMALE 
http://cwrc.ca/cwrcdata/Tipper_Elizabeth,tippel,FEMALE 
http://cwrc.ca/cwrcdata/Tollet_Elizabeth,tollel,FEMALE 
http://cwrc.ca/cwrcdata/Tomlins_Elizabeth_Sophia,tomlel,FEMALE 
http://cwrc.ca/cwrcdata/Tonna_Charlotte_Elizabeth,tonnch,FEMALE 
http://cwrc.ca/cwrcdata/Townsend_Sue,townsu,FEMALE 
http://cwrc.ca/cwrcdata/Traill_Catharine_Parr,traica,FEMALE 
http://cwrc.ca/cwrcdata/Trapnel_Anna,trapan,FEMALE 
http://cwrc.ca/cwrcdata/Travers_P_L,travpl,FEMALE 
http://cwrc.ca/cwrcdata/Travers_Rebecca,travre,FEMALE 
http://cwrc.ca/cwrcdata/Tree_Iris,treeir,FEMALE 
http://cwrc.ca/cwrcdata/Tree_Viola,treevi,FEMALE 
http://cwrc.ca/cwrcdata/Trefusis_Violet,trefvi,FEMALE 
http://cwrc.ca/cwrcdata/Tremain_Rose,tremro,FEMALE 
http://cwrc.ca/cwrcdata/Trench_Melesina,trenme,FEMALE 
http://cwrc.ca/cwrcdata/Trimmer_Sarah,trimsa,FEMALE 
http://cwrc.ca/cwrcdata/Tristan_Flora,trisfl,FEMALE 
http://cwrc.ca/cwrcdata/Trollope_Anthony,trolan,MALE 
http://cwrc.ca/cwrcdata/Trollope_Frances,trolfr,FEMALE 
http://cwrc.ca/cwrcdata/Trollope_Frances_Eleanor,trolfe,FEMALE 
http://cwrc.ca/cwrcdata/Trollope_Joanna,troljo,FEMALE 
http://cwrc.ca/cwrcdata/Trotter_Catharine,trotca,FEMALE 
http://cwrc.ca/cwrcdata/Troubridge_Una,trouun,FEMALE 
http://cwrc.ca/cwrcdata/Truth_Sojourner,trutso,FEMALE 
http://cwrc.ca/cwrcdata/Tucker_Charlotte_Maria,tuckch,FEMALE 
http://cwrc.ca/cwrcdata/Tweedsmuir_Susan,tweesu,FEMALE 
http://cwrc.ca/cwrcdata/Tyler_Margaret,tylema,FEMALE 
http://cwrc.ca/cwrcdata/Tynan_Katharine,tynaka,FEMALE 
http://cwrc.ca/cwrcdata/Tyrwhit_Elizabeth_Oxenbridge_Lady,tyrwel,FEMALE 
http://cwrc.ca/cwrcdata/Tytler_Harriet,tytlha,FEMALE 
http://cwrc.ca/cwrcdata/Tytler_Sarah,tytlsa,FEMALE 
http://cwrc.ca/cwrcdata/Underhill_Evelyn,undeev,FEMALE 
http://cwrc.ca/cwrcdata/Uttley_Alison,uttlal,FEMALE 
http://cwrc.ca/cwrcdata/Vardill_Anna_Jane,vardja,FEMALE 
http://cwrc.ca/cwrcdata/Veitch_Sophie,veitso,FEMALE 
http://cwrc.ca/cwrcdata/Veley_Margaret,velema,FEMALE 
http://cwrc.ca/cwrcdata/Victoria_Queen,victqu,FEMALE 
http://cwrc.ca/cwrcdata/Villari_Linda,villli,FEMALE 
http://cwrc.ca/cwrcdata/Villedieu_Marie-Catherine_de,villma,FEMALE 
http://cwrc.ca/cwrcdata/Vokins_Joan,vokijo,FEMALE 
http://cwrc.ca/cwrcdata/von_Arnim_Elizabeth,arniel,FEMALE 
http://cwrc.ca/cwrcdata/Voynich_Ethel_Lilian,voynet,FEMALE 
http://cwrc.ca/cwrcdata/Waddell_Helen,waddhe,FEMALE 
http://cwrc.ca/cwrcdata/Wakefield_Priscilla,wakepr,FEMALE 
http://cwrc.ca/cwrcdata/Walford_Lucy,walflu,FEMALE 
http://cwrc.ca/cwrcdata/Walker_Alice,walkal,FEMALE 
http://cwrc.ca/cwrcdata/Walker_Annie_Louisa,walkan,FEMALE 
http://cwrc.ca/cwrcdata/Walker_Elizabeth,walkel,FEMALE 
http://cwrc.ca/cwrcdata/Walker_Lady_Mary,walkma,FEMALE 
http://cwrc.ca/cwrcdata/Wall_Ann,wallan,FEMALE 
http://cwrc.ca/cwrcdata/Wallace_Doreen,walldo,FEMALE 
http://cwrc.ca/cwrcdata/Wallace_Eglinton,walleg,FEMALE 
http://cwrc.ca/cwrcdata/Walpole_Horace,walpho,MALE 
http://cwrc.ca/cwrcdata/Wandor_Michelene,wandmi,FEMALE 
http://cwrc.ca/cwrcdata/Ward_Mary,wardm2,FEMALE 
http://cwrc.ca/cwrcdata/Ward_Mary_Augusta,wardma,FEMALE 
http://cwrc.ca/cwrcdata/Waring_Anna_Letitia,warian,FEMALE 
http://cwrc.ca/cwrcdata/Warner_Marina,warnma,FEMALE 
http://cwrc.ca/cwrcdata/Warner_Sylvia_Townsend,warnsy,FEMALE 
http://cwrc.ca/cwrcdata/Warren_Elizabeth,warrel,FEMALE 
http://cwrc.ca/cwrcdata/Warren_Mercy_Otis,warrme,FEMALE 
http://cwrc.ca/cwrcdata/Warton_Jane,wartja,FEMALE 
http://cwrc.ca/cwrcdata/Warwick_Mary_Rich_Countess_of,warwma,FEMALE 
http://cwrc.ca/cwrcdata/Wast_Elisabeth,wastel,FEMALE 
http://cwrc.ca/cwrcdata/Waters_Sarah,watesa,FEMALE 
http://cwrc.ca/cwrcdata/Watson_Rosamund_Marriott,watsro,FEMALE 
http://cwrc.ca/cwrcdata/Watts_Susanna,wattsu,FEMALE 
http://cwrc.ca/cwrcdata/Waugh_Evelyn,waugev,MALE 
http://cwrc.ca/cwrcdata/Weaver_Harriet_Shaw,weavha,FEMALE 
http://cwrc.ca/cwrcdata/Webb_Beatrice,webbbe,FEMALE 
http://cwrc.ca/cwrcdata/Webb_Mary,webbma,FEMALE 
http://cwrc.ca/cwrcdata/Webster_Augusta,websau,FEMALE 
http://cwrc.ca/cwrcdata/Wedgwood_Julia,wedgju,FEMALE 
http://cwrc.ca/cwrcdata/Weeton_Ellen,weetel,FEMALE 
http://cwrc.ca/cwrcdata/Weldon_Fay,weldfa,FEMALE 
http://cwrc.ca/cwrcdata/Wellesley_Dorothy,welldo,FEMALE 
http://cwrc.ca/cwrcdata/Wells_H_G,wellhg,MALE 
http://cwrc.ca/cwrcdata/Wells_Helena,wellhe,FEMALE 
http://cwrc.ca/cwrcdata/Welty_Eudora,welteu,FEMALE 
http://cwrc.ca/cwrcdata/Wenman_Agnes,wenmag,FEMALE 
http://cwrc.ca/cwrcdata/Wentworth_Anne,wentan,FEMALE 
http://cwrc.ca/cwrcdata/Wentworth_Patricia,wentpa,FEMALE 
http://cwrc.ca/cwrcdata/Wertenbaker_Timberlake,wertti,FEMALE 
http://cwrc.ca/cwrcdata/Wesley_Mary,weslma,FEMALE 
http://cwrc.ca/cwrcdata/Wesley_Susanna,weslsu,FEMALE 
http://cwrc.ca/cwrcdata/West_Jane,westja,FEMALE 
http://cwrc.ca/cwrcdata/West_Rebecca,westre,FEMALE 
http://cwrc.ca/cwrcdata/Wharton_Anne,wharan,FEMALE 
http://cwrc.ca/cwrcdata/Wharton_Edith,whared,FEMALE 
http://cwrc.ca/cwrcdata/Wheatley_Phillis,wheaph,FEMALE 
http://cwrc.ca/cwrcdata/Wheeler_Agnes,wheeag,FEMALE 
http://cwrc.ca/cwrcdata/Wheeler_Anna,wheean,FEMALE 
http://cwrc.ca/cwrcdata/Whipple_Dorothy,whipdo,FEMALE 
http://cwrc.ca/cwrcdata/White_Antonia,whitan,FEMALE 
http://cwrc.ca/cwrcdata/White_Dorothy,whitdo,FEMALE 
http://cwrc.ca/cwrcdata/White_Elizabeth,whitel,FEMALE 
http://cwrc.ca/cwrcdata/White_Roma,whitro,FEMALE 
http://cwrc.ca/cwrcdata/Whitehead_Anne,whita2,FEMALE 
http://cwrc.ca/cwrcdata/Whitney_Isabella,whitis,FEMALE 
http://cwrc.ca/cwrcdata/Whitrow_Joan,whitjo,FEMALE 
http://cwrc.ca/cwrcdata/Wickham_Anna,wickan,FEMALE 
http://cwrc.ca/cwrcdata/Wilcox_Ella_Wheeler,wilcel,FEMALE 
http://cwrc.ca/cwrcdata/Wilde_Jane_Francesca_Lady,wildja,FEMALE 
http://cwrc.ca/cwrcdata/Wilde_Oscar,wildos,MALE 
http://cwrc.ca/cwrcdata/Wilkinson_Sarah_Scudgell,wilksa,FEMALE 
http://cwrc.ca/cwrcdata/Williams-Ellis_Amabel,willam,FEMALE 
http://cwrc.ca/cwrcdata/Williams_Anna,willan,FEMALE 
http://cwrc.ca/cwrcdata/Williams_Helen_Maria,willhe,FEMALE 
http://cwrc.ca/cwrcdata/Williams_Jane,willja,FEMALE 
http://cwrc.ca/cwrcdata/Williams_Sarah,willsa,FEMALE 
http://cwrc.ca/cwrcdata/Wilson_Ethel,wilset,FEMALE 
http://cwrc.ca/cwrcdata/Wilson_Harriet_E,wilsh2,FEMALE 
http://cwrc.ca/cwrcdata/Wilson_Harriette,wilsha,FEMALE 
http://cwrc.ca/cwrcdata/Wilson_Romer,wilsro,FEMALE 
http://cwrc.ca/cwrcdata/Winter_John_Strange,wintjo,FEMALE 
http://cwrc.ca/cwrcdata/Winterson_Jeanette,wintje,FEMALE 
http://cwrc.ca/cwrcdata/Wiseman_Jane,wiseja,FEMALE 
http://cwrc.ca/cwrcdata/Wolferstan_Elizabeth_Pipe,wolfel,FEMALE 
http://cwrc.ca/cwrcdata/Wolley_Hannah,wollha,FEMALE 
http://cwrc.ca/cwrcdata/Wollstonecraft_Mary,wollma,FEMALE 
http://cwrc.ca/cwrcdata/Wood_Ellen,woodel,FEMALE 
http://cwrc.ca/cwrcdata/Wood_Emma_Caroline,woodem,FEMALE 
http://cwrc.ca/cwrcdata/Woodfall_Sophia,woodso,FEMALE 
http://cwrc.ca/cwrcdata/Woodfin_A,wooda_,FEMALE 
http://cwrc.ca/cwrcdata/Woolf_Virginia,woolvi,FEMALE 
http://cwrc.ca/cwrcdata/Worboise_Emma_Jane,worbem,FEMALE 
http://cwrc.ca/cwrcdata/Wordsworth_Dorothy,worddo,FEMALE 
http://cwrc.ca/cwrcdata/Wordsworth_William,wordwi,MALE 
http://cwrc.ca/cwrcdata/Wright_Frances,wrigfr,FEMALE 
http://cwrc.ca/cwrcdata/Wright_Mehetabel,wrigme,FEMALE 
http://cwrc.ca/cwrcdata/Wright_Susanna,wrigsu,FEMALE 
http://cwrc.ca/cwrcdata/Wroth_Lady_Mary,wrotma,FEMALE 
http://cwrc.ca/cwrcdata/Yearsley_Ann,yearan,FEMALE 
http://cwrc.ca/cwrcdata/Yeats_W_B,yeatwi,MALE 
http://cwrc.ca/cwrcdata/Yonge_Charlotte,yongch,FEMALE 
http://cwrc.ca/cwrcdata/Young_E_H,youneh,FEMALE 
http://cwrc.ca/cwrcdata/Young_Mary_Julia,younma,FEMALE 