http://sparql.cwrc.ca/ontologies/cwrc#mason,mason,stonemason
http://sparql.cwrc.ca/ontologies/cwrc#colonialOfficial,colonial official,colonial civil servant,colonial organizer,colonial officer,colonial manager,colonial prime minister,lieutenantGovernor,colonial magistrate,colonial administrator,colonial official,viceroy of india,lord deputy of ireland,registrar of the naval prize court in bermuda,viceroy of ireland,india agent,chairman of the east india company,upper canada's first vice chancellor
http://sparql.cwrc.ca/ontologies/cwrc#accountant,accountant,accountant,keeping accounts,agent and accountant,household accountant,book keeper,management accountant,family financial manager,family budgeting
http://sparql.cwrc.ca/ontologies/cwrc#actorManager,actor manager,actor manager
http://sparql.cwrc.ca/ontologies/cwrc#careGiver,care giver,home carer,caregiver,family carer,care giver,home care giver,elder care,devoting herself to the care of her elderly father,attendant to the blind
http://sparql.cwrc.ca/ontologies/cwrc#anti-Suffrage,anti-suffrage,anti-sufffragist,anti-suffragist movement,anti-suffrage movement,anti-suffragist,non-suffragist
http://sparql.cwrc.ca/ontologies/cwrc#auctioneer,auctioneer,auctioneer
http://sparql.cwrc.ca/ontologies/cwrc#optician,optician,ophthalmic optician
http://sparql.cwrc.ca/ontologies/cwrc#physiognomist,physiognomist,physiognomist,phrenologist,physiognomy parlour
http://sparql.cwrc.ca/ontologies/cwrc#photography,photography,photographer,photographer's assistant,photography
http://sparql.cwrc.ca/ontologies/cwrc#baker,baker,baker,pastrycook
http://sparql.cwrc.ca/ontologies/cwrc#fisherman,fisherman,fish handler,fisherman,fisherwoman
http://sparql.cwrc.ca/ontologies/cwrc#adjudicator,adjudicator,awards judge,adjudicator,contest judge,selector for the poetry book society
http://sparql.cwrc.ca/ontologies/cwrc#hunter,hunter,fox hunter,foxhunter,rabbit shooting,hunting,master of hounds,fox hunting,foxhunting,big game hunting
http://sparql.cwrc.ca/ontologies/cwrc#healthCareProvider,healthcare provider,healthcare worker,hospital aide,medical assistant,hospital almoner,dental assistant,hospital porter,medicine,medical administrator,health worker,hospital worker,medical worker,health service administrator,hospital director,medical aide,medical officer,contact healing,inoculator,assistant in medical care,support an infirmary,medical coder,medical pioneer,contact healing
http://sparql.cwrc.ca/ontologies/cwrc#publishing,publishing,publisher,assistant in publishing,reader of manuscripts,magazine director,publisher's reader,journal assistant,publishing,publisher and bookseller,member of the editorial advisory committee,director of time and tide,publisherapos;s reader
http://sparql.cwrc.ca/ontologies/cwrc#bookclubParticipatant,bookclub participation,book society member,book club founder,bookclub president,book club organizer,member of the new english art club
http://sparql.cwrc.ca/ontologies/cwrc#housework,housework,housework
http://sparql.cwrc.ca/ontologies/cwrc#shipping,shipping,ship owner,shipper,shipping owner,shipping merchant
http://sparql.cwrc.ca/ontologies/cwrc#occultism,occultism,occultism/theosophism,spiritualist,fortune teller,Theosophist,medium,Theosophy,Occultist,magician,Tarot card believer,spiritualism,character reader,astrologer,member of the council of the society for psychical research,mediumship,vice president of the college of psychic studies
http://sparql.cwrc.ca/ontologies/cwrc#prospector,prospector,prospector
http://sparql.cwrc.ca/ontologies/cwrc#temperanceMovement,temperance movement,temperance work,temperance activist,temperance,temperance supporter,temperance worker
http://sparql.cwrc.ca/ontologies/cwrc#botanist,botanist,botanist,botany enthusiast,botany,assistant botanist
http://sparql.cwrc.ca/ontologies/cwrc#abolitionist,abolitionist,abolitionist,abolitionist activist,abolitionist worker
http://sparql.cwrc.ca/ontologies/cwrc#socialScientist,social scientist,social scientist,anthropologist,sociologist,economist,egyptologist,academic economist
http://sparql.cwrc.ca/ontologies/cwrc#publicReader,public reader,reader in public,recitalist,poetry readings,poetry recital,reader of poetry,performance reader,recitateur,poetry reader,poetry reading,dramatic readings,public reader,reader,reciter,reader aloud,public reading,gave readings
http://sparql.cwrc.ca/ontologies/cwrc#calligraphy,calligraphy,calligrapher,calligraphist
http://sparql.cwrc.ca/ontologies/cwrc#airForce,airForce,airforce officer
http://sparql.cwrc.ca/ontologies/cwrc#immunologist,immunologist,immunologist
http://sparql.cwrc.ca/ontologies/cwrc#biologist,biologist,conchologist,entomologist,biologist
http://sparql.cwrc.ca/ontologies/cwrc#attorneyGeneral,attorney general,attorney general,attorney general of ireland
http://sparql.cwrc.ca/ontologies/cwrc#prophet,prophet,prophet
http://sparql.cwrc.ca/ontologies/cwrc#gastronome,gastronome,gastronome
http://sparql.cwrc.ca/ontologies/cwrc#litigant,litigant
http://sparql.cwrc.ca/ontologies/cwrc#machineWork,machineWork,fitter,mechanician
http://sparql.cwrc.ca/ontologies/cwrc#counsellor,counsellor,careers advisor,counsellor,advisor,counseling,counselled hundreds of women
http://sparql.cwrc.ca/ontologies/cwrc#fishmonger,fishmonger,fishmonger
http://sparql.cwrc.ca/ontologies/cwrc#transcriber,transcriber,transcriber
http://sparql.cwrc.ca/ontologies/cwrc#haberdasher,haberdasher,haberdasher
http://sparql.cwrc.ca/ontologies/cwrc#writingGroupParticipant,writing group participant,writing group president,writing group member
http://sparql.cwrc.ca/ontologies/cwrc#model,model,artists' model,artist's model,model,fashion model
http://sparql.cwrc.ca/ontologies/cwrc#upholsterer,upholsterer,upholsterer
http://sparql.cwrc.ca/ontologies/cwrc#merchantTaylor,merchant taylor
http://sparql.cwrc.ca/ontologies/cwrc#feminism,feminism,political issues concerning women,Equality Feminism,New Woman,Women's Liberation,proto-feminist,anti-sexist,moderate feminist,women's rights,advocate of female education,maternal feminist,women's cause,women's issues,lobby for the rights of women,contraceptionist,women's rights activist,proto-feminist consciousness,women's movement,feminist movement,gender egalitarian,non-separatist feminist,activist for women and children,feminist reformer,sexual egalitarian,feminist,advocate for women's education,worked devotedly for the society for promoting the employment of women,worked to establish pay equity
http://sparql.cwrc.ca/ontologies/cwrc#hostess,hostess,salonniere,hostess,literary hostess,salonni√®re,entertaining,society hostess,nightclub hostess,hostess for her father
http://sparql.cwrc.ca/ontologies/cwrc#elevatorOperator,elevator operator,elevator operator
http://sparql.cwrc.ca/ontologies/cwrc#singer,singer,opera singer,singer,amateur singer,concert singer
http://sparql.cwrc.ca/ontologies/cwrc#volunteer,volunteer,volunteer personnel work,civil defence volunteer,volunteer,hospital volunteer,war volunteer,food volunteer,war volunteers,food kitchen volunteer,volunteer soldier,volunteer office work,volunteer counsellor,school volunteer,volunteering for the newly formed babies club,volunteer cook and waitress,voluntary aid detachment
http://sparql.cwrc.ca/ontologies/cwrc#reviewer,reviewer,book reviewer,wrote reviews,film reviewer,reviewer,reviewed books
http://sparql.cwrc.ca/ontologies/cwrc#needlework,needlework,needlework artist,needlewoman,knitting,embroiderer,needlework
http://sparql.cwrc.ca/ontologies/cwrc#cooking,cooking,cook,cooking
http://sparql.cwrc.ca/ontologies/cwrc#childcare,childcare,child carer,child rearing,children's home manager,childcare provider,childcare,au pair,childcare worker,child minding,child care,child recreation manager,nursery manager,nursemaid,child recreation manager,worker with children,childcare guru,worker for children
http://sparql.cwrc.ca/ontologies/cwrc#statistician,statistician,statistician,medical statistician
http://sparql.cwrc.ca/ontologies/cwrc#orphanageWork,orphanage work,orphanage principal,orphanage worker,orphanage manager
http://sparql.cwrc.ca/ontologies/cwrc#cleaner,cleaner,cleaner,cleaning lady,domestic cleaner
http://sparql.cwrc.ca/ontologies/cwrc#explorer,explorer,explorer,adventurer
http://sparql.cwrc.ca/ontologies/cwrc#textiles,textiles,textile worker,textile mill worker
http://sparql.cwrc.ca/ontologies/cwrc#unitarianism,Unitarianism,active unitarian,Unitarian Church,Unitarian Movement,Unitarian,unitarianMovement
http://sparql.cwrc.ca/ontologies/cwrc#leatherWorker,leather worker,tanner,leatherworker,saddler,worker in leather,"saddler, shoemaker"
http://sparql.cwrc.ca/ontologies/cwrc#warWork,war work,war efforts,war work,war duties,war effort,war worker,chief of war staff
http://sparql.cwrc.ca/ontologies/cwrc#miner,miner,colliery manager,coalminer,miner
http://sparql.cwrc.ca/ontologies/cwrc#philanthropicVisitor,philanthropic visitor,prison visitor,workhouse visitor,charity visitor,charitable visiting,parish visitor,military visitor,health visitor,visiting the poor,domestic visitor,charitable visitor,hospital visitor,slum visitor,social visitor,visiting prisons and orphanages,colonial health visitor,school visitor,poor visitor,district visitor,sick visitor,benevolent visitor,visiting pensioners and war widows,visitor of the poor,visiting imprisoned catholics,visited the prisoners,visitor of the poor,workhouse superintendent
http://sparql.cwrc.ca/ontologies/cwrc#wife,wife,housemaster's wife,headmaster's wife,diplomat's wife,housewife,vicar's wife,colonial governor's wife,candidate's wife
http://sparql.cwrc.ca/ontologies/cwrc#lawyer,lawyer,barrister,lawyer,apprentice attorney,solicitor,chancery barrister,attorney,patents lawyer
http://sparql.cwrc.ca/ontologies/cwrc#music,music,church choirmaster,violinist,organist,piano tuner,musician,concert pianist,jazz musician,music,pianist,composer,cornet,celloist,amateur pianist,choirmistress,choirmaster,cathedral chorister,playing the piano,"musician, composer"
http://sparql.cwrc.ca/ontologies/cwrc#decoder,decoder,code breaker,cipher breaker,cable decoder,cryptologist
http://sparql.cwrc.ca/ontologies/cwrc#blacksmith,blacksmith,blacksmith
http://sparql.cwrc.ca/ontologies/cwrc#poetLaureate,poet laureate
http://sparql.cwrc.ca/ontologies/cwrc#welder,welder,welder
http://sparql.cwrc.ca/ontologies/cwrc#laundryWorker,laundry worker,washerwoman,laundress,laundry manager
http://sparql.cwrc.ca/ontologies/cwrc#pacifist,pacifist,conscientious objector,pacifist,worker for pacifism and the league of nations union
http://sparql.cwrc.ca/ontologies/cwrc#grocer,grocer,grocer,royal grocer
http://sparql.cwrc.ca/ontologies/cwrc#ironmonger,ironmonger,ironmonger
http://sparql.cwrc.ca/ontologies/cwrc#beautician,beautician,barber,beautician,hairdresser,cosmetician
http://sparql.cwrc.ca/ontologies/cwrc#gardener,gardener,gardener,horticulturist,landscape gardener,gardening,horticulturalist,hedge setter,garden design
http://sparql.cwrc.ca/ontologies/cwrc#insurance,insurance,insurance broker,insurance manager,insurance,insurance salesman,insurance underwriter,insurance clerk,insurance inspector,insurance collector,insurance agent
http://sparql.cwrc.ca/ontologies/cwrc#taxOfficial,tax official,exciseman,customs officer,commissioner of taxes,customs official,customs inspector
http://sparql.cwrc.ca/ontologies/cwrc#intelligenceWork,intelligence work,intelligence officer,intelligence agent,spy,espionage worker,secret agent,intelligence,intelligence expert,spying,intelligence work
http://sparql.cwrc.ca/ontologies/cwrc#librarian,librarian,cataloguer,county librarian,royal academy's librarian,director of the camps library,vice president of the london library,keeper of the bodleian library
http://sparql.cwrc.ca/ontologies/cwrc#factoryWorker,factory worker,factory hand,mill worker,assembly line worker,kiln fireman,factory worker,factory work,black borderer,worked briefly at a wine bottling plant
http://sparql.cwrc.ca/ontologies/cwrc#surveyor,surveyor,surveyor of highways,land surveyor,surveyor,building surveyor,assistant road surveyor,railway surveyor,quantity surveyor,assistant surveyor,deputy surveyor of royal parks and palaces
http://sparql.cwrc.ca/ontologies/cwrc#beggar,beggar,beggar
http://sparql.cwrc.ca/ontologies/cwrc#interviewer,interviewer,interviewer
http://sparql.cwrc.ca/ontologies/cwrc#printing,printing,printer,printing,printing press manager,printing and bookselling businesses,in printing
http://sparql.cwrc.ca/ontologies/cwrc#handwritingExpert,handwriting expert,handwriting expert
http://sparql.cwrc.ca/ontologies/cwrc#farming,farming,apricot ranch,cattleman,pig breeder,shepherd,pig farmer,sheep breeder,farm worker,husbandman,agricultural adviser,dairy farmer,tenant farmer,ranch hand,smallholder,sugar planter,dairying,cattle breeder,farmers,fruit farmer,farm manager,corn inspector,yeoman farmer,beekeeper,agriculturalist,rancher,farmer,part time farmer,fruit picker,farm labourer,farm labour,farming
http://sparql.cwrc.ca/ontologies/cwrc#tourGuide,tour guide,tour guide,mountain guide,youth hostel warden
http://sparql.cwrc.ca/ontologies/cwrc#servant,servant,servant
http://sparql.cwrc.ca/ontologies/cwrc#elocutionist,elucutionist,elocutionist
http://sparql.cwrc.ca/ontologies/cwrc#munitionsWorker,munitions worker,munitions worker
http://sparql.cwrc.ca/ontologies/cwrc#archaeologist,archaeologist,palaeontologist,paleontologist,director of archaeology in the department of antiquities
http://sparql.cwrc.ca/ontologies/cwrc#spinner,spinner,spinning,spinner,cotton spinner
http://sparql.cwrc.ca/ontologies/cwrc#masterOfTheRevels,master or mistress of the revels,master of the revels,mistress of the revels,master of the revels in ireland
http://sparql.cwrc.ca/ontologies/cwrc#businessOwner,business owner,newspaper proprietor,store owner,owner of food outlet,factory owner,coffee shop owner,sex shop owner,shop owner,colliery owner,mill owner,newspaper magnate,music shop owner,magazine proprietor,mine owner,proprietor,bar owner,barbershop owner,pottery magnate,news agency proprietor,mail order business
http://sparql.cwrc.ca/ontologies/cwrc#walking,walking,walking,hiker
http://sparql.cwrc.ca/ontologies/cwrc#treasurer,treasurer,treasurer,city treasurer,society treasurer,hospital department treasurer,treasurer to the royal society,under treasurer for the navy
http://sparql.cwrc.ca/ontologies/cwrc#higherGovernment,higher government,royal lieutenant,lord lieutenant,colonial secretary,congressman,member of the house of lords,parliamentary private secretary,royal representative,secretary of state,colonial governor,state governor,under secretary for the colonies,governor of barbados,senator,member of congress,royal adviser,cabinet minister,director general of finance,minister of food,chancellor of the exchequer,vice chancellor,regent,league of nations delegate,legislator,governor of tasmania,civil lord of the admiralty,president of the united nations general assembly,master of the horse,lord keeper,secretary of state for war,warden of the mint,foreign secretary,statesman,secretary of state for ireland,lord lieutenant of ireland,privy councillor,lord keeper of the great seal of england,lieutenant governor of guernsey,government minister,foreign service,labour minister,governor of bombay,bavarian minister,vice president of the usa,ulster king of arms,scottish education secretary,ambassador and plenipotentiary,high commissioner of south africa,served on the royal commission on capital punishment
http://sparql.cwrc.ca/ontologies/cwrc#cartoonist,cartoonist,caricaturist,political cartoonist
http://sparql.cwrc.ca/ontologies/cwrc#artsAdvocate,literature advocate
http://sparql.cwrc.ca/ontologies/cwrc#manager,manager,supervisor,managed,factory manager,office manager,manager,factory supervisor,supervising,shipping company manager,vice president of beauty without cruelty
http://sparql.cwrc.ca/ontologies/cwrc#lifeScientist,life scientist,anatomist,physiologist,bacteriologist
http://sparql.cwrc.ca/ontologies/cwrc#business,business,business manager,entrepeneur,marketing,industrialist,business entrepreneur,entrepreneur,small businessman,business assistant,family business,businesswoman,business agent,market research,industrialists,company president,businessman,industrialist/manager,small entrepreneur,market researcher
http://sparql.cwrc.ca/ontologies/cwrc#publicSpeaker,public speaker,speaking tour,public lecturer,public speaker,political speaker,orator,public speaking,renowned orator
http://sparql.cwrc.ca/ontologies/cwrc#mapping,mapping,cartographer,topographer
http://sparql.cwrc.ca/ontologies/cwrc#chess,chess,chess,international chess master
http://sparql.cwrc.ca/ontologies/cwrc#trader,trader,fur trader,trader,clothes trader,wool trader
http://sparql.cwrc.ca/ontologies/cwrc#censor,censor,bowdlerizer
http://sparql.cwrc.ca/ontologies/cwrc#magistrate,magistrate,magistrate,justice of the peace,judicial officer
http://sparql.cwrc.ca/ontologies/cwrc#literaryAgent,literary agent,literary agent,amateur literary agent,literary advisor
http://sparql.cwrc.ca/ontologies/cwrc#refugee,refugee,refugee
http://sparql.cwrc.ca/ontologies/cwrc#warehouseWork,warehouse work,warehousing
http://sparql.cwrc.ca/ontologies/cwrc#manufacturer,manufacturer,cutler,manufacturer of machinery,smallware manufacturing,co operative manufacturer,manufacturer,lime manufacturer,tobacco manufacturer,manufacturer of fancy goods,jet ornament manufacturer
http://sparql.cwrc.ca/ontologies/cwrc#monarchism,monarchism,monarchist,royalist,constitutional monarchist,royalist politician,active royalists
http://sparql.cwrc.ca/ontologies/cwrc#mining,mining,mine agent,mine work,mining entrepreneur
http://sparql.cwrc.ca/ontologies/cwrc#judge,judge,puisne judge,court official,judge of probate,judge,county court judgeship,lord chief justice of ireland,chief justice of the king's bench
http://sparql.cwrc.ca/ontologies/cwrc#hypnotist,hypnotist,hypnotism
http://sparql.cwrc.ca/ontologies/cwrc#director,director,director,directors
http://sparql.cwrc.ca/ontologies/cwrc#socializer,socializer,socialite,debutante,bon viveur,became a debutante,"bon viveur, drinker, and speculator",fashionable beauty
http://sparql.cwrc.ca/ontologies/cwrc#captain,captain
http://sparql.cwrc.ca/ontologies/cwrc#dairyWork,dairy work,milker,milkwoman
http://sparql.cwrc.ca/ontologies/cwrc#philanthropist,philanthropist,philanthropic educationalist,private benefactor,active philanthropist,church donor,philanthropist,philanthropy,donor to university,benefactor,philanthopic activity,educational philanthropist,benefactor of school,patron of charities,"patron, philanthropist"
http://sparql.cwrc.ca/ontologies/cwrc#designer,designer,house decoration,graphic designer,interior designer,designer,interior design,fabric designer,gothic designer,interior decorator,housing designer,prosthetics designer
http://sparql.cwrc.ca/ontologies/cwrc#scientist,scientist,laboratory worker,lab demonstrator,amateur scientist,scientific assistant,natural scientist,scientist,laboratory assistant,"scientist, particularly well known for his work in genetics",astronomical assistant,scientific interests,lab assistant,"amateur scientist, botanist"
http://sparql.cwrc.ca/ontologies/cwrc#engineering,engineering,radio engineer,engineering firm,railway engineer,electrical engineer,aeronautical engineer,engineer,mining engineer,marine engineer,chief engineer,motor engineer,civil engineer
http://sparql.cwrc.ca/ontologies/cwrc#collector,collector,anthropological collector,art collector,antiquarian,book collector,antiquary,zoological collector,coin collector,collector,collecting,collector of china and paintings,collect irish folklore
http://sparql.cwrc.ca/ontologies/cwrc#watchmaker,watchmaker,watchmaker
http://sparql.cwrc.ca/ontologies/cwrc#lordChamberlain,lord chamberlain,lord chamberlain
http://sparql.cwrc.ca/ontologies/cwrc#radioIndustry,radio industry,educational radio programmer,educational radio producer,radio performer,radio announcer,radio broadcaster,radio producer,recorded programmes assistant
http://sparql.cwrc.ca/ontologies/cwrc#salter,salter,salt-worker
http://sparql.cwrc.ca/ontologies/cwrc#dance,dance,chorus girl,ballet dancer,choreographer,dancer,dancer and choreographer
http://sparql.cwrc.ca/ontologies/cwrc#committeeMember,committee member,committee president,committee man,school board member,committee woman,committee member
http://sparql.cwrc.ca/ontologies/cwrc#government,government,elected,government adviser,representative,served in the legislature,government fishery advisor
http://sparql.cwrc.ca/ontologies/cwrc#mentor,mentor,mentor
http://sparql.cwrc.ca/ontologies/cwrc#aristocrat,aristocrat,baronet,baron
http://sparql.cwrc.ca/ontologies/cwrc#pollster,pollster
http://sparql.cwrc.ca/ontologies/cwrc#activist,activist,social activist,housing activist,christian social activist,activist,activist for dissent,labour activist,human rights activist,continuing education activist,workhouse activist,educational activist,activist against slavery,medical mission activist,temperance activist,peace activist,anti poverty activist,civil rights activist,anti vivisectionist,resistance activist,child labour activist,activist for the disabled,political activist,protest organiser,anti slavery activist,poverty activist,media activist,library activist
http://sparql.cwrc.ca/ontologies/cwrc#religious,religious,methodist lay preacher,permanent curate,member of religious order,garrison chaplain,anchoress,religious leader,church elder,prayer leader,religious organizer,pilgrim,religious revivalist,religious observance,religious manager,spiritual counsellor,religious publicist,precentor,lay sister,prayer,principal clerk of session,church worker,monk,methodist convert,evangelical leader,royal chaplain,religious administrator,preaching and religious organising activities,"lay leader, or parnas",chancellor and prebendary of hereford cathedral
http://sparql.cwrc.ca/ontologies/cwrc#medicalDoctor,medical doctor,homeopathic doctor,cardiologist,general practitioner,obstetrician,medical practice,surgeon general,surgery,medical doctor,immunologist,orthopaedic surgeon,medical practitioner,physician,eye and ear specialist,surgeon,gastric surgeon,gynaecologist,doctor,eye surgeon,royal physician,"physician, surgeon"
http://sparql.cwrc.ca/ontologies/cwrc#advocate,advocate,promotion of women's work,sunday school promoter,animal rights advocate,civil rights,promote temperance,advocate,campaigner for child welfare,emigration promoter,prisoners' advocate,free speech advocate,anti poverty,advocate for the poor,campaigner against capital punishment,maternity advocate,continued to encourage women to enter politics through various efforts
http://sparql.cwrc.ca/ontologies/cwrc#lobbyist,lobbyist,political lobbyist,lobbyist,international political lobbyist
http://sparql.cwrc.ca/ontologies/cwrc#liaisonOfficer,liaison officer,liaison officer,"liaison officer, correspondent to cairo"
http://sparql.cwrc.ca/ontologies/cwrc#prisoner,prisoner,prisoner of war,political prisoner,was imprisoned
http://sparql.cwrc.ca/ontologies/cwrc#firstAid,first aid,first aid,first aid work
http://sparql.cwrc.ca/ontologies/cwrc#writerInResidence,writer In residence,writer in residence,resident dramatist,poet in residence
http://sparql.cwrc.ca/ontologies/cwrc#vintner,vintner,vintner,wine maker
http://sparql.cwrc.ca/ontologies/cwrc#postalWorker,postal worker,postmaster,letter carrier,postmaster general,post office clerk,postmistress,post office worker,assistant postmistress,postal worker,letter sorter,junior assistant to the postmistress
http://sparql.cwrc.ca/ontologies/cwrc#assistant,assistant,administrative assistant,personal assistant,assistant,full time programme assistant
http://sparql.cwrc.ca/ontologies/cwrc#witness,witness,expert witness,witness for the defence,character witness
http://sparql.cwrc.ca/ontologies/cwrc#gambling,gambling,gambler,stock exchange gambler
http://sparql.cwrc.ca/ontologies/cwrc#literaryPrizeAdjudicator,literary prize adjudicator,adjudicator of literary award,chair of literary prize panel,judge of literary prize,literary awards judge,literary judge,judge of literary award,literary adjudicator,literary prize judge,literary competition judge,judge for literary prize,literary award judge,judge; literary competition
http://sparql.cwrc.ca/ontologies/cwrc#theatreWork,theatre work,theatre,theatre company director,cabaret dresser,set designer,theatre organiser,wardrobe assistant,theatre director,theatrical agent,theatre president,usherette,assistant theatre manager,theatre designer,theatre manager,theatrical manager,property mistress,theatrical director,theatre dresser,play reader,theatre producer,costume designer,prompter,stage manager,theatre censor,men of the theatre,founded a small theatre group,student production of one of her plays,workshopping plays,theatre trust president,theatre literary manager
http://sparql.cwrc.ca/ontologies/cwrc#boardMember,board member,board member
http://sparql.cwrc.ca/ontologies/cwrc#typeSetter,type setter,type setter,typesetter
http://sparql.cwrc.ca/ontologies/cwrc#slaveOwner,slave owner,slave owner
http://sparql.cwrc.ca/ontologies/cwrc#copyist,copyist,music copyist,legal copyist,copyist of illuminated manuscripts,scientific copyist,copyist,copyists of illuminated manuscripts
http://sparql.cwrc.ca/ontologies/cwrc#conservatism,conservatism,conservative
http://sparql.cwrc.ca/ontologies/cwrc#televisionIndustry,television industry,television director
http://sparql.cwrc.ca/ontologies/cwrc#pawnbroker,pawnbroker,pawnbroker
http://sparql.cwrc.ca/ontologies/cwrc#agent,agent,chief agent
http://sparql.cwrc.ca/ontologies/cwrc#administrator,administrator,administration,administrative officer,administrator,hospital administrator,principal of institute
http://sparql.cwrc.ca/ontologies/cwrc#ironmaster,ironmaster,ironmaster
http://sparql.cwrc.ca/ontologies/cwrc#riding,riding,riding,rode side saddle
http://sparql.cwrc.ca/ontologies/cwrc#literaryExecutor,literary executor,literary executor,literary executrix
http://sparql.cwrc.ca/ontologies/cwrc#memberOfParliament,member of parliament,member of parliament,mp,liberal member of parliament,members of parliament,member of parliament for nottingham,liberal mp,labour mp,member of parliament and politician,conservative mp
http://sparql.cwrc.ca/ontologies/cwrc#construction,construction,building improver,construction supervisor,carpenter,builder,renovator,shipwright,road construction supervisor,gothic builder bricklayer,house builder,building,clerk of the works,"builder, architect",clerk of the king's works
http://sparql.cwrc.ca/ontologies/cwrc#politics,politics,political agent,closet politician,public health campaigner,parliamentary candidate,political organizing,political organizer,political advisor,republican,political party delegate,political secretary,politician,patriot politician,politics,political officer,left wing politics,political conspirator,political campaigner,whig party supporter,election observer,political canvasser,political party worker,whig leader,conservative backer of empire,american loyalist,advocate of catholic emancipation in the irish parliament,president of the british women's temperance league,president of the progressive league,supporter of the ministry,politicians,chief adviser on arab affairs
http://sparql.cwrc.ca/ontologies/cwrc#charityWorker,charity worker,charity agent,charitable causes,charity performer,president of charity,charity work,charity board member,charitable worker,charity administrator,charity representative,charity management,director of charity,charity worker,vice president of charity,charity organiser,charitable donation,charity organizer,church and community work,charity campaigner,charity,charity co ordinator,charity speaker,charitable giving,raise funds for a variety of wartime charities,charity school supporter,running church or charity bazaars,childbirth charity organiser,text distributor,charititable activity,charity organiser,established a soup kitchen for starving peasants during the great famine,work with women and the poor,charity organization society,shelter provision
http://sparql.cwrc.ca/ontologies/cwrc#localGovernment,local government,city counsellor,town corporator,local government official,councillor,local politician,city councillor,local government magnate,local councillor,local government,alderman,council member,radicalist member of the london school board,recorder of newcastle under lyme,assistant director of education in the london county council,lieutenant of the tower of london,member of the bury st edmunds borough council,town corporator or councillor,london county councillor
http://sparql.cwrc.ca/ontologies/cwrc#urbanPlanning,urban planning,urban planning
http://sparql.cwrc.ca/ontologies/cwrc#filmIndustry,film industry,documentary maker,film maker,film stand in,continuity clerk,film assistant,film actor,film extra,film producer,documentary film maker,film director,documentarian,film performer
http://sparql.cwrc.ca/ontologies/cwrc#student,student,theology student,apprentice,engineering student,architecture student,medical student,study law,university student,student,marker,studying,law student,art student,studied at oxford
http://sparql.cwrc.ca/ontologies/cwrc#mountaineering,mountaineering,mountain climber,mountaineer,climbing,mountaineering,climber or mountaineer
http://sparql.cwrc.ca/ontologies/cwrc#illustrator,illustrator,advertisement illustrator,illustrator of children's books,illustrator,creator of etchings to illustrate
http://sparql.cwrc.ca/ontologies/cwrc#chairperson,chairperson,chairman,chair of the greater london arts literature panel,committee chair,vice chairman,chair,chairwoman,committee chairman,chair of prize panel,chair of social anthropology,chair of society,deputy chairman,society chair,chair of women's organization,chair of international organization,chairman of the authors' lending and copyright society or alcs,chairman of the photographic society,vice chair of the british copyright council,chair of academy,vice chairman of the copyright licensing agency
http://sparql.cwrc.ca/ontologies/cwrc#retail,retail,cashier,bookstore clerk,retail selling,bookshop assistant,department store clerk,retail worker,shop manager,bookshop manager,working in a bookshop,shop work,greengrocer,bookseller,newsagent,bookshop worker,shop assistant,market seller,storekeeper,shopkeeper,shopkeeper/entrepeneur,tobacconist,worked with him at running a children's bookshop,print seller,bookshop partner,manager of bookshop
http://sparql.cwrc.ca/ontologies/cwrc#settlementWork,settlement work,settlement work,settlement worker
http://sparql.cwrc.ca/ontologies/cwrc#deliveryPerson,delivery person,newspaper deliverer,dispatch rider,delivery person,errand boy,messenger girl
http://sparql.cwrc.ca/ontologies/cwrc#engraver,engraver,engraver,wood engraver
http://sparql.cwrc.ca/ontologies/cwrc#numismatist,numismatist,numismatist
http://sparql.cwrc.ca/ontologies/cwrc#finance,finance,banker,bank director,investment banker,money lender,clerk in a bank,financier,financial manager,bank employee,ship broker,bank manager,bank president,merchant banker,bank clerk,director and chairman of the bank of new zealand,director of the bank of england,teller at the bank of england
http://sparql.cwrc.ca/ontologies/cwrc#monarch,monarch,king,queen
http://sparql.cwrc.ca/ontologies/cwrc#employmentAgent,employment agent,employment agent,work force recruiter
http://sparql.cwrc.ca/ontologies/cwrc#server,server,summer waitress,cafe manager,waiter,server,waitress,food server,receptionist barmaid
http://sparql.cwrc.ca/ontologies/cwrc#pilot,pilot,pilot
http://sparql.cwrc.ca/ontologies/cwrc#bankrupt,bankrupt,bankrupt,grande scale bankrupt
http://sparql.cwrc.ca/ontologies/cwrc#conservationist,conservationist,conservationist
http://sparql.cwrc.ca/ontologies/cwrc#domesticWork,domestic work,helping at home,domestic work,kitchen work,managing her households,meal provider,care of parents
http://sparql.cwrc.ca/ontologies/cwrc#butcher,butcher,slaughterman,butcher,shochet or ritual butcher
http://sparql.cwrc.ca/ontologies/cwrc#beauty,beauty,beauty,pre raphaelite muse
http://sparql.cwrc.ca/ontologies/cwrc#governmentOfficial,government official,government employee,sheriff clerk,registrar,queen's messenger,county court bailiff,government official,distributor of stamps,custos rotulorum,sequestrator,exchequer clerk,town planner,queen's champion,resident magistrate,prison governor,civil servant,prison guard,poor law guardian,traffic superintendent,senior civil servant,local government clerk,registrar of births and deaths,civic work,secretary to parliamentary commission,coroner,member of the indian civil service,sanitary inspector,health officer,director general of the tapu land registry,secretary of the fine arts commission,secretary of the royal united service institution,secretary to the lord keeper of the great seal of england,magistrate for the county of middlesex,deputy keeper of her majesty's records,east india company officer,master of the savoy,deputy theatre censor,deputy director of the women's branch of the ministry of agriculture
http://sparql.cwrc.ca/ontologies/cwrc#cooper,cooper,cooper
http://sparql.cwrc.ca/ontologies/cwrc#hospitality,hospitality,innkeeper,restaurant manager,club employee,restaurant owner,alehouse keeper,coffee house keeper,hotel worker,guesthouse keeper,hotel manager,hotel keeper,hotelier,cafe manager,inn,tavern keeper,hotel proprietor,lodging house keeper,coffee house keeper,hostel forewoman,pot girl
http://sparql.cwrc.ca/ontologies/cwrc#skilledTrade,skilled trade,moulder
http://sparql.cwrc.ca/ontologies/cwrc#parishWork,parish work,parish work,parish worker,management of her husband's parish
http://sparql.cwrc.ca/ontologies/cwrc#politicalHost,politicalHost,political hostess,political host,official hostess at the government house
http://sparql.cwrc.ca/ontologies/cwrc#sexWorker,sex worker,prostitute,courtesan
http://sparql.cwrc.ca/ontologies/cwrc#cobbler,cobbler,shoemaker,apprentice shoemaker,shoemaker's assistant
http://sparql.cwrc.ca/ontologies/cwrc#genealogist,genealogist,genealogical scholar,family genealogist
http://sparql.cwrc.ca/ontologies/cwrc#headOfState,head of state,president of the usa,prime minister,prime minister of the cape colony,presidents of the united states
http://sparql.cwrc.ca/ontologies/cwrc#knight,knight,knight
http://sparql.cwrc.ca/ontologies/cwrc#lithographer,lithographer,lithographer
http://sparql.cwrc.ca/ontologies/cwrc#glassWorker,glass worker,glazier,glass stainer,glassworks,stained glass designer
http://sparql.cwrc.ca/ontologies/cwrc#fundraiser,fundraiser,fundraising,fundraiser,hospital fundraiser,educational fundraiser
http://sparql.cwrc.ca/ontologies/cwrc#astronomer,astronomer,assistant astronomer,amateur astronomer
http://sparql.cwrc.ca/ontologies/cwrc#journalist,journalist,war correspondent,women's columnist,media journalist,newspaper assistant,newspaper correspondent,staff writer,socialist journalist,journalist,trade journalist,foreign correspondent,free lance journalist,parliamentary reporter,columnist,reporter,journalism,war reporter,crime reporter,clippings clerk
http://sparql.cwrc.ca/ontologies/cwrc#writer,writer,letter writer,poetry,amateur writer,essayist,literary career,contributor,script writer,songwriter,public relations writer,diarist,legal writer,biographer,chief copywriter,novelist,short story writer,wrote,literary collaborator,poet,amateur playwright,medical writer,political poet,writer,scholarly writer,author,pedagogical author,religious writer,scriptwriter,dramatist,cookbook writer,blurb writer,radio scriptwriter,travel author,memoirist,textbook writer,children's writer,educational writer,screenwriter,travel writer,professional writer,commemorative writer,polemical writer,feature writer,copywriter,political writer,playwright,mathematical writer,religious poet,satirist,media comedy writer,philanthropic writer,published two books of sceptical humanist philosophy,art exhibition writer,vice president of the european writers' congress,writing small books for indian readers,populariser of poetry,published a sermon,diarist and memoirist,published,freelance advertising copywriter,writing poetry,wrote extensively on india,part time novelist,writing pulp fiction,quaker writer,writers,letter writers,amateur drama,automatic writing,occasional contributors
http://sparql.cwrc.ca/ontologies/cwrc#geologist,geologist
http://sparql.cwrc.ca/ontologies/cwrc#midwife,midwife,midwife,midwifery organizer
http://sparql.cwrc.ca/ontologies/cwrc#inventor,inventor,inventor,technological innovator,inventing
http://sparql.cwrc.ca/ontologies/cwrc#archivist,archivist
http://sparql.cwrc.ca/ontologies/cwrc#wetNurse,wet nurse,wet nurse
http://sparql.cwrc.ca/ontologies/cwrc#literaryGroupParticipant,literary group participant,literary group participant,dramatic society president,chair of literary society,running writers' group
http://sparql.cwrc.ca/ontologies/cwrc#classicist,classicist,classical scholar,amateur classicist,classicist
http://sparql.cwrc.ca/ontologies/cwrc#navy,naval rating,rear admiral,naval censor,naval officer,naval chaplain,naval administrator,lieutenant royal marines,merchant navy captain,naval surgeon,naval official,home guard officer,navy officer,navy commissioner,naval engineer,naval captain,naval architect,admiral,vice admiral,first lord of the admiralty,commander in chief of the portuguese navy,assistant naval surgeon,us naval commander,us navy,united states navy
http://sparql.cwrc.ca/ontologies/cwrc#eventOrganizer,event organizer,bazaar organizer,community organizer,entertainment organizer,exhibition organizer,poetry organizer,peace congress organizer,organizer,festival organizer,local organiser,organized evening lectures for women,demonstration organiser
http://sparql.cwrc.ca/ontologies/cwrc#mentalHealthProfessional,mental health professional,child psychologist,mental health worker,psychotherapist,pyschoanalyst,asylum director,therapist,freudian psychoanalyst,psychiatist,psychologist,freudian,psychiatrist
http://sparql.cwrc.ca/ontologies/cwrc#investor,investor,speculator,investor,stock investor,market speculator,stockbroker,financial backer,share holder
http://sparql.cwrc.ca/ontologies/cwrc#draper,draper,master draper,linen draper
http://sparql.cwrc.ca/ontologies/cwrc#contractor,contractor
http://sparql.cwrc.ca/ontologies/cwrc#transportationWork,transportation work,bus inspector,cab driver,bus conductor,bus driver,driver,van driver,transportation,bus worker
http://sparql.cwrc.ca/ontologies/cwrc#foodDistribution,food distribution,provisioner,food distributor,food distribution,food supplier,provision merchant
http://sparql.cwrc.ca/ontologies/cwrc#firefighter,firefighter,firefighter,fire watcher
http://sparql.cwrc.ca/ontologies/cwrc#timberTrade,timber trade,sawyer,timber manager,timber trade
http://sparql.cwrc.ca/ontologies/cwrc#politicalSpeaker,political speaker,speaker of the legislature,speaker of the house of lords,speaker of the house of commons,speaker (parliamentary),speaker of the senate of northern ireland
http://sparql.cwrc.ca/ontologies/cwrc#metalWork,metal work,metal manufacturer,steel worker,silver manufacturer,sheet metal worker,brass worker,iron manufacturer
http://sparql.cwrc.ca/ontologies/cwrc#labourUnion,labour union,union representative,trade unionist,trade union leader,general secretary of the empire press union,labour union,trade union delegate,union organizer,union member,trade union organizer
http://sparql.cwrc.ca/ontologies/cwrc#automobileIndustry,automobileIndustry,car part manufacturer,car industry
http://sparql.cwrc.ca/ontologies/cwrc#fashion,fashion,fashion consultant,fashion designer,fashion buyer,leader of fashion
http://sparql.cwrc.ca/ontologies/cwrc#lawEnforcement,law enforcement,police commissioner,town constable,chief constable,mounted police,sheriff,police officer,high sherriff of county,high sheriff,high sheriff of yorkshire,sheriff depute,high sheriff of kent,sherif of westmorland,under sheriff of suffolk,high sheriff of county cork,high sheriff of hertfordshire
http://sparql.cwrc.ca/ontologies/cwrc#geographer,geographer,geographer
http://sparql.cwrc.ca/ontologies/cwrc#advertising,advertising,press assistant,literary publicist,music publicity,publicity manager,public relations specialist,assistant press officer,publicity officer,public relations,publicity agent,press officer,publicist,publicity,political publicist,advertising manager,publicity assistant,religious publicist,quaker publicist,junior press officer,publisher's advertising manager
http://sparql.cwrc.ca/ontologies/cwrc#boardingHouseKeeper,boarding house keeper,boarding house keeper,boarding house manager,established boarding houses
http://sparql.cwrc.ca/ontologies/cwrc#fosterParent,foster-parent,foster parent,foster mother
http://sparql.cwrc.ca/ontologies/cwrc#propertyAgent,land agent,estate agent,property agent,estate manager,plantation manager,estate management,land steward,land agent,rent collector,managing the estates
http://sparql.cwrc.ca/ontologies/cwrc#seaCaptain,sea captain,ferryboat captain,sea captain,whaling captain,ship's captain
http://sparql.cwrc.ca/ontologies/cwrc#equineActivity,equine activity,racehorse owner,horse racing,horseman,horse trainer,dressage,horse breeder,horsemaster,horsewoman,clerk of the course,horsebreaker
http://sparql.cwrc.ca/ontologies/cwrc#naturalist,naturalist,naturalist
http://sparql.cwrc.ca/ontologies/cwrc#computerWork,computer work,database manager,computer programmer
http://sparql.cwrc.ca/ontologies/cwrc#socialism,socialism,socialist organizer,fabian socialist,militant socialist,owenite socialism,socialist feminist,radical socialist,socialist and feminist,socialist
http://sparql.cwrc.ca/ontologies/cwrc#professor,professor,professor,professor of psychology,university professor,professor of english,professor of divinity,lecturer in modern languages,law lecturer,professor of fine arts,professor of archaeology,professor of singing,lecturer,professor of entomology,professor of pathology,assistant lecturer,emeritus professor,professor of english language and literature,professor of political economy,professor of poetry,lecture,british council lecturer,professor of poetry at oxford,chichele professor of modern history,"taught at oxford, then at cambridge",university teacher of english,an active lecturer,regius professor of divinity,lucasian professor of mathematics
http://sparql.cwrc.ca/ontologies/cwrc#consultant,consultant,management consultant,drug adviser and consultant
http://sparql.cwrc.ca/ontologies/cwrc#communeOrganizer,commune organizer,commune organizer
http://sparql.cwrc.ca/ontologies/cwrc#computerScientist,computer scientist
http://sparql.cwrc.ca/ontologies/cwrc#martyr,martyr,martyr
http://sparql.cwrc.ca/ontologies/cwrc#intellectual,public intellectual,labour intellectual,learned woman,public intellectual,intellectual,rationalist,polymath
http://sparql.cwrc.ca/ontologies/cwrc#childcareWork,childcare work,child recreation manager,nursery manager,children's home manager
http://sparql.cwrc.ca/ontologies/cwrc#railwayWork,railway work,railway clerk,railway worker,stationmaster,railway promoter,railway guard,station master,worked for the nigerian railway
http://sparql.cwrc.ca/ontologies/cwrc#mistress,mistress,mistress
http://sparql.cwrc.ca/ontologies/cwrc#logger,logger,logger
http://sparql.cwrc.ca/ontologies/cwrc#aircraftIndustry,aircraft industry,aircraft industry,aeroplane manufacturer
http://sparql.cwrc.ca/ontologies/cwrc#communism,communism,christian communist,communist
http://sparql.cwrc.ca/ontologies/cwrc#governorGeneral,governor general,governor general,governor general of india,governor general of canada
http://sparql.cwrc.ca/ontologies/cwrc#tailor,tailor,garment worker,tailor
http://sparql.cwrc.ca/ontologies/cwrc#miller,miller,miller
http://sparql.cwrc.ca/ontologies/cwrc#reading,reading,reading,poetry lover
http://sparql.cwrc.ca/ontologies/cwrc#bookbinder,bookbinder,book binder,bookbinding
http://sparql.cwrc.ca/ontologies/cwrc#jeweller,jeweller,jeweller
http://sparql.cwrc.ca/ontologies/cwrc#exhibitions,exhibitions,exhibition organiser,exhibitor,governor of the bbc,bbc drama producer
http://sparql.cwrc.ca/ontologies/cwrc#linguist,linguist,grammarian,linguistic reader,linguist,linguistic researcher
http://sparql.cwrc.ca/ontologies/cwrc#dentist,dentist,dentist
http://sparql.cwrc.ca/ontologies/cwrc#slave,slave,slave,slave nurse
http://sparql.cwrc.ca/ontologies/cwrc#appraiser,appraiser,project appraiser,appraiser
http://sparql.cwrc.ca/ontologies/cwrc#chemist,chemist,chemist,industrial chemist,chemist and immunologist,research chemist
http://sparql.cwrc.ca/ontologies/cwrc#trustee,trustee,trustee,tate gallery trustee
http://sparql.cwrc.ca/ontologies/cwrc#unskilledLabourer,unskilled labourer,laundry worker,dishwasher,sweeping the floor
http://sparql.cwrc.ca/ontologies/cwrc#reformer,reformer,divorce law reformer,agricultural reformer,reformer,political reformer,penal reformer,sanitary reformer,law reformer,health care reformer,social reformer,liturgical reformer,land improver,medical reformer,army reformer,language reformer,prison reformer,housing reformer,sex reformer,religious reformer,educational reformer,publishing reformer
http://sparql.cwrc.ca/ontologies/cwrc#companion,companion,companion,paid companion,humble companion
http://sparql.cwrc.ca/ontologies/cwrc#rescueWork,rescue work,rescue work,life saving,mountain rescue,mountain rescue leader
http://sparql.cwrc.ca/ontologies/cwrc#literaryScholar,literary scholar,literary research,literary historian,literary scholar,philologist,literary researcher,folklorist,literary theorist
http://sparql.cwrc.ca/ontologies/cwrc#religiousStudies,religious studies,biblical scholar,hindu scholar,theologian
http://sparql.cwrc.ca/ontologies/cwrc#billCollector,bill collector,bill collector
http://sparql.cwrc.ca/ontologies/cwrc#salesperson,salesperson,pedlar,sales director,paper salesman,stationer,street seller,sales staff,real estate salesman,salesman,newsagent,real estate agent,wine seller,salesgirl,costermonger,door to door salesperson,sales manager,piano salesman,ticket seller,saleswoman,newspaper deliverer,fairground salesman,door to door salesman,sausage seller,newspaper dealer
http://sparql.cwrc.ca/ontologies/cwrc#gentleman,gentleman,gentleman,country gentleman
http://sparql.cwrc.ca/ontologies/cwrc#glover,glover,glover
http://sparql.cwrc.ca/ontologies/cwrc#cricket,cricket,cricket,cricketer,cricket team captain
http://sparql.cwrc.ca/ontologies/cwrc#philosopher,philosopher,philosophy,academic philosopher,amateur philosopher,philosopher
http://sparql.cwrc.ca/ontologies/cwrc#researcher,researcher,social researcher,scholarship,research,research assistant,researcher
http://sparql.cwrc.ca/ontologies/cwrc#settler,settler,immigrant,colonial settler,emigrant,pioneer,managing trading posts,huguenot immigrant
http://sparql.cwrc.ca/ontologies/cwrc#mayor,mayor,mayor,lord mayor,lady mayoress,mayor of their home town,mayor of norwich,mayor of cork,lord mayor of london
http://sparql.cwrc.ca/ontologies/cwrc#slaver,slaver,slave trader,slaver
http://sparql.cwrc.ca/ontologies/cwrc#chaperone,chaperone,chaperone
http://sparql.cwrc.ca/ontologies/cwrc#milliner,milliner,milliner's assistant,milliner's apprentice,milliner
http://sparql.cwrc.ca/ontologies/cwrc#tinker,tinker,tinker
http://sparql.cwrc.ca/ontologies/cwrc#goldsmith,goldsmith
http://sparql.cwrc.ca/ontologies/cwrc#literaryForger,literary forger,literary forger
http://sparql.cwrc.ca/ontologies/cwrc#dockyardWork,dockyard work,dockyard labourer,wharfinger,docker,longshoreman,docks manager,dock manager
http://sparql.cwrc.ca/ontologies/cwrc#merchant,merchant,potato merchant,corn dealer,shipping agent,merchant's apprentice,cattle dealer,importer,art dealer,international exporter,merchant adventurer,sugar merchant,silk merchant,timber merchant,arms dealer,china merchant,leather merchant,dealer,coal merchant,book dealer,merchant,tradesman,hardware merchant,cosmetics merchant,cotton merchant,dealer in stamps,merchant in furs,linen merchant,cloth merchant,corn merchant,wine merchant,merchant in liverpool,exported textiles to the west indies
http://sparql.cwrc.ca/ontologies/cwrc#diver,diver,diver
http://sparql.cwrc.ca/ontologies/cwrc#ambulanceWorker,ambulance worker,drove an ambulance,ambulance assistant,ambulance driver,ambulance brigade organizer,ambulance brigade president
http://sparql.cwrc.ca/ontologies/cwrc#broadcasting,broadcaster,broadcasting
http://sparql.cwrc.ca/ontologies/cwrc#curator,curator,museum curator,curator of art exhibitions,gallery curator,curator
http://sparql.cwrc.ca/ontologies/cwrc#translator,translator,translator,interpreter,free lance translations
http://sparql.cwrc.ca/ontologies/cwrc#saint,saint,saint
http://sparql.cwrc.ca/ontologies/cwrc#catering,catering,catering assistant,catering manager,caterer
http://sparql.cwrc.ca/ontologies/cwrc#courtier,courtier,lady in waiting,groom of the chamber,courtier,bed chamber woman,lady of the bedchamber,keeper of the robes,chamberlain to the king of bavaria
http://sparql.cwrc.ca/ontologies/cwrc#pornographer,pornographer,pornographer
http://sparql.cwrc.ca/ontologies/cwrc#founder,founder,founder of charitable organization,founder of benefit society,theatre founder,founder of women's organization,founder of writer' centre,hospital founder,founder of chapel,founder of educational organization,founder of literary society,refuge founder,periodical founder,founder of relief organization,university founder,orphanage founder,sunday school founder,founder of savings bank,company founder,college founder,founder of club,nursing home founder,newspaper founder,library founder,founder of literary prize,founder of convent,magazine founder,founder of prostitutes' home,school founder,church founder,hospice founder,health society founder,founder of woman's refuge,founder of college,founder of arts centre,society founder,founder of the key west writers' workshop,founding member of the london bach choir,founded a discussion society for ladies,"co founder of, and remained closely involved in, the writers' action group",founding the irish confederation,founded,charity founder,founder or co founder,co founder of arlen house press,literary society founder,founder of charitable society,founder of school,founder of the magazines vanity fair and the lady,founding directors,educational institution founder,founder of schools
http://sparql.cwrc.ca/ontologies/cwrc#politicalScience,political science,political scientist,political theorist
http://sparql.cwrc.ca/ontologies/cwrc#connoisseur,connoisseur,art connoisseur
http://sparql.cwrc.ca/ontologies/cwrc#rebel,rebel,saboteur,freedom fighter,rebel,revolutionary,reformist or revolutionary
http://sparql.cwrc.ca/ontologies/cwrc#refugeeWork,refugee work,refugee work,refugee worker
http://sparql.cwrc.ca/ontologies/cwrc#sailor,sailor,sailor,ship's officer,seaman,sailing,ship's carpenter,deckhand,ship's purser,ferryman,midshipman,purser,competitive sailor
http://sparql.cwrc.ca/ontologies/cwrc#maidOfHonour,maid of honour,maid of honour
http://sparql.cwrc.ca/ontologies/cwrc#corporateDirector,corporate or organizational director,honorary director,company director,managing director,deputy director,chairman of railway company,president of the baby and foundling hospital
http://sparql.cwrc.ca/ontologies/cwrc#matron,matron,school matron,house mother,housemother,workhouse matron,matron
http://sparql.cwrc.ca/ontologies/cwrc#weaver,weaver,weaver,power loom weaver,handloom weaver,stocking weaver
http://sparql.cwrc.ca/ontologies/cwrc#manservant,manservant,butler,doorman,chauffeur,footman,groom
http://sparql.cwrc.ca/ontologies/cwrc#performer,performer,entertainer,stage performer,comedienne,actor,perform,understudy,impersonator,actress,performer,actors,acted,acting,mime,cabaret star
http://sparql.cwrc.ca/ontologies/cwrc#technician,technician,technician
http://sparql.cwrc.ca/ontologies/cwrc#jacobitism,Jacobitism,jacobite,jacobite conspirator,jacobites
http://sparql.cwrc.ca/ontologies/cwrc#alternativeMedicine,alternative medicine,herbalist
http://sparql.cwrc.ca/ontologies/cwrc#coastGuard,coastguard,coast guard,coastguard
http://sparql.cwrc.ca/ontologies/cwrc#lordChancellor,lord chancellor,lord chancellor
http://sparql.cwrc.ca/ontologies/cwrc#teacher,teacher,instructor,tutor in languages and belles lettres,elocution teacher,sunday school mistress,music teacher,giving courses,art teacher,creative writing teacher,dancing teacher,sunday school teacher,classics teacher,teaching aide,pupil teacher,sub preceptor,teacher's assistant,schoolmistress,bible teaching,assistant schoolmistress,schoolteacher,geography teacher,tutoring,weapons instructor,tutor,educational pioneer,school mistress,piano teacher,schoolmaster,housemaster,teaching,tutor in divinity,writing instructor,home educator,senior english mistress,french teacher,religious teacher,classical tutor,art instructor,singing teacher,teacher,university tutor,first assistant mistress,assistant mistress
http://sparql.cwrc.ca/ontologies/cwrc#propagandist,propagandist,war propagandist,propagandist,to spread pro british propaganda
http://sparql.cwrc.ca/ontologies/cwrc#orderly,orderly,hospital ward orderly,orderly
http://sparql.cwrc.ca/ontologies/cwrc#manualLabourer,manual labourer,day labourer,manual worker,field labourer,manual labourer,labourer
http://sparql.cwrc.ca/ontologies/cwrc#housekeeper,housekeeper,state housekeeper,mistress of a household,housekeeping,housekeeper,household management
http://sparql.cwrc.ca/ontologies/cwrc#army,army,billetting officer,army colonel,army commander,cavalry officer,army surgeon,army officer,army paymaster,cavalry soldier,army doctor,inspector of army education
http://sparql.cwrc.ca/ontologies/cwrc#drugUse,drug abuse,drug user,laudanum addict,drug addict
http://sparql.cwrc.ca/ontologies/cwrc#yeoman-farmer,yeoman farmer,yeoman,YEOMAN-FARMER
http://sparql.cwrc.ca/ontologies/cwrc#drinking,drinking,drinking problem,alcoholic,daily drinking bouts,drinking and chasing women
http://sparql.cwrc.ca/ontologies/cwrc#cyclist,bicyclist,bicycling,bicyclist
http://sparql.cwrc.ca/ontologies/cwrc#musicologist,musicologist
http://sparql.cwrc.ca/ontologies/cwrc#military,military,lieutenant general,captain of militia,para military officer,soldier,military officer,artillery gunner,major general,artillery officer,deputy lieutenant,quartermaster,military,military leadership,military driver,lieutenant,colonel,military escort,military communications,war hero,militia captain,solider,aide de camp,air raid defence provider,camouflage worker,non commissioned officer,commander of a highland regiment,territorial soldier,second lieutenant,recruiting officer,air raid shelter marshal,half pay officer,captain (later admiral)
http://sparql.cwrc.ca/ontologies/cwrc#housePainter,house painter,house painter
http://sparql.cwrc.ca/ontologies/cwrc#bibliophile,bibliophile,bibliophile
http://sparql.cwrc.ca/ontologies/cwrc#clothworker,clothworker
http://sparql.cwrc.ca/ontologies/cwrc#patriot,patriot,patriot,"irish patriot, nationalist,"
http://sparql.cwrc.ca/ontologies/cwrc#metallurgy,metallurgy,metallurgist,assayer
http://sparql.cwrc.ca/ontologies/cwrc#academic,academic,scholar,academician,humanist scholar,academic,greek and hebrew examiner,oxford don,first woman in scotland to earn a university certificate,academic and social critic
http://sparql.cwrc.ca/ontologies/cwrc#nursing,nursing,nursing supervisor,carer,vad worker,nurse,nursing organizer,nursing aide,vad,nursing,"in 1877 she nursed george odger, the first parliamentary labour candidate, during his fatal illness.",fn helped found the east london nursing society.,nurses
http://sparql.cwrc.ca/ontologies/cwrc#radioOperator,radio operator
http://sparql.cwrc.ca/ontologies/cwrc#socialWork,social work,child welfare worker,social work,organise soup kitchens,humanitarian,organiser for the poor,worker with prostitutes,youth club worker,immigrant aid,child welfare officer,childcare officer,community worker,social worker,welfare officer,religious social worker,youth worker,social caseworker,welfare supervisor,children's aid worker,social investigator,emigrant aid,child care officer,caseworker,social work organizer,welfare worker,unemployment worker,social investigation,organiser of women's community,child's aid worker,poor districts,running a soup kitchen,almshouse manager,chief lady welfare officer
http://sparql.cwrc.ca/ontologies/cwrc#literaryAssistant,literary assistant,writer's assistant,literary assistant
http://sparql.cwrc.ca/ontologies/cwrc#italianNationalism,Italian nationalism,italian nationalist,mazzinian,Italian nationalist movement,italian risorgimento
http://sparql.cwrc.ca/ontologies/cwrc#plumber,plumber,plumber
http://sparql.cwrc.ca/ontologies/cwrc#veterinaryWork,veterinary work,veterinary doctor,veterinary worker
http://sparql.cwrc.ca/ontologies/cwrc#airman,airman,airman,flyer
http://sparql.cwrc.ca/ontologies/cwrc#dressmaking,dressmaking,seamstress,dressmaker's apprentice,dressmaking business,textile manufacturer,silk manufacturer,dressmaker,dressmaking,clothes mending,dressmaking; seamstress
http://sparql.cwrc.ca/ontologies/cwrc#employer,employer,domestic employer
http://sparql.cwrc.ca/ontologies/cwrc#reliefWork,relief work,war relief,relief work,relief worker,famine relief,jewish relief work,war relief aid,founded a society for the relief of indigent old age,organized war relief,receive evacuees,co organizer of relief efforts,international relief worker,found the women's defence relief corps
http://sparql.cwrc.ca/ontologies/cwrc#nun,nun,nun,prioress
http://sparql.cwrc.ca/ontologies/cwrc#associationInvolvement,association involvement,society president,president of professional association,club president,president of the society of authors,society secretary,club leader,vice president of society,secretary of literary society,society vice president,society director,clubman,clubperson,freemason,society member,clubwoman,president of society,president of the society of women journalists,president of the british club for belgian soldiers,president of the literary ladies club,president of the herdwick association
http://sparql.cwrc.ca/ontologies/cwrc#travelling,travelling,sightseeing,traveller,travel agent,travelling,travel guide
http://sparql.cwrc.ca/ontologies/cwrc#brewer,brewer,brewer,brewers
http://sparql.cwrc.ca/ontologies/cwrc#artsAdministrator,arts manager,arts centre director,art acquisitions officer,musical manager,arts administrator,arts festival director,director of the national gallery,joint chairman of the writers' guild of great britain
http://sparql.cwrc.ca/ontologies/cwrc#domesticServant,domestic servant,kitchen scullion,upper servant,lady's maid,valet,housemaid,indentured servant,house servant
http://sparql.cwrc.ca/ontologies/cwrc#whaler,whaler,whaler
http://sparql.cwrc.ca/ontologies/cwrc#bullionCarrier,bullion carrier,bullion carrier
http://sparql.cwrc.ca/ontologies/cwrc#architecture,architecture,draughtsman,architectural draftsman,architectural restoration,draftsman,royal architect,architect,draughter
http://sparql.cwrc.ca/ontologies/cwrc#bursar,bursar,bursar
http://sparql.cwrc.ca/ontologies/cwrc#craftsperson,craftsperson,furniture restorer,shellwork,craft work,handicraft,craftsperson,craftswoman,handicrafts,arts and crafts,decorator of reproduction furniture
http://sparql.cwrc.ca/ontologies/cwrc#propertyOwner,property owner,shipyard owner,plantation owner,shipbuilding owner,landlord,landlady,squire,landowner,property owner,hereditary land owner,landlady/proprietor,emergency landlady,owned land of his own,sugar estate owner
http://sparql.cwrc.ca/ontologies/cwrc#telephoneOperator,telephone operator,telephone operator
http://sparql.cwrc.ca/ontologies/cwrc#pharmacist,pharmacist,druggist,pill dispenser,apothecary,dispensary assistant,dispenser,pharmacist,"apothecary, druggist"
http://sparql.cwrc.ca/ontologies/cwrc#literaryConservationist,literary conservationist,literary conservation,literary conservationist
http://sparql.cwrc.ca/ontologies/cwrc#smuggler,smuggler,arms runner,gun runner
http://sparql.cwrc.ca/ontologies/cwrc#dataProcessing,data processing,data processing,data recorder,encoder
http://sparql.cwrc.ca/ontologies/cwrc#pottery,pottery,pottery manufacturer
http://sparql.cwrc.ca/ontologies/cwrc#producer,producer,producer,produced,producing,produced and appeared
http://sparql.cwrc.ca/ontologies/cwrc#clothingProduction,clothing production,hosier,weaving manufacturer,cotton manufacturer,linen manufacturer,woollen manufacturer,glove manufacturer
http://sparql.cwrc.ca/ontologies/cwrc#legalWork,legal work,legal adviser,legal clerk,legal advisor,clerk of the court,solicitor's clerk,lawyer's clerk,legal scholar,law clerk,legal assistant,legal aid worker,legal expert
http://sparql.cwrc.ca/ontologies/cwrc#storyteller,storyteller,raconteur,storyteller
http://sparql.cwrc.ca/ontologies/cwrc#houseSitter,house sitter,house sitter
http://sparql.cwrc.ca/ontologies/cwrc#meteorologist,meteorologist,meteorologist
http://sparql.cwrc.ca/ontologies/cwrc#coopOrganizer,co-op organizer,co op organizer
http://sparql.cwrc.ca/ontologies/cwrc#historian,historian,historical scholar,irish historian,art historian,medievalist,local historian,music historian,architectural historian,family historian,furniture historian,historian,historical researcher,family archivist,historians,historical expertise
http://sparql.cwrc.ca/ontologies/cwrc#skinner,skinner
http://sparql.cwrc.ca/ontologies/cwrc#educationalAdministration,educational administration,educational officer,school organizer,college vice principal,school vice president,headmistress,school management,education,sunday school superintendent,examiner,educational theorist,education liaison officer,superintendent,school director,external examiner,academic programme administrator,sunday school worker,education campaigner,headmaster,principal of institute,dean,marker,inspectress of schools,school administration,superintendent of schools,educator,vice principal,school governor,provost,school supervisor,college principal,school proprietor,deputy head of school,university chancellor,principal,lord rector,school monitor,running their school,member of the executive committee of girton college,establish schools,principal of queen's college,"dean of trinity college, oxford",pedagogic theorist,education of her own children,master of the free school,college vice president,associate of newnham college,rector of edinburgh university,opened their sunday school,principal of the chelsea art school,founded st boniface school,teach,taught,demonstrator of anatomy,director of the tulsa center for the study of women's literature,director of the creative writing program,established a school for english and american boys,founded the derry and raphoe diocesan institution for the education of the deaf and dumb,college governor
http://sparql.cwrc.ca/ontologies/cwrc#religiousOfficial,religiousOfficial,archdeacon,preacher,priest,deacon,official (of religion),archbishop,clergyperson,vicar,private almoner,minister of religion,curate,cardinal,anglican clergyman,anglican bishop,jesuit priest,minister,prebendary,clergymen,archbishop of canterbury,episcopalian preacher,chief rabbi,reverend,canon,quaker minister,chaplain,synagogue official,anglican priest,clergyman,rector,dissenting minister,assistant minister of religion,bishop,presbyterian minister,dean of wells,chaplain of the lock hospital,ministers,trained for the priesthood,prebendary (a kind of canon or church official),archbishop of armagh and primate of all ireland,rev.,english bishop of natal
http://sparql.cwrc.ca/ontologies/cwrc#miser,miser,miser
http://sparql.cwrc.ca/ontologies/cwrc#redCross,red cross,red cross aide,red cross worker,red cross representative
http://sparql.cwrc.ca/ontologies/cwrc#composer,composer,composer of church music,composer,composed
http://sparql.cwrc.ca/ontologies/cwrc#coach,coach,coach,coach of the cambridge rowing crew
http://sparql.cwrc.ca/ontologies/cwrc#regionalGovernment,regional government,deputy recorder of northamptonshire,deputy lord lieutenant,county councillor,director general of the tapu land registry,high sheriff for county antrim,secretary for education in oxfordshire,governor of massachusetts,magistrate for the county of middlesex,deputy lieutenant of dunbartonshire,lord president of the council of the marches of wales,assistant secretary for education in northamptonshire
http://sparql.cwrc.ca/ontologies/cwrc#confectioner,confectioner,confectioner,confectionery production and sale
http://sparql.cwrc.ca/ontologies/cwrc#visualArtist,visual artist,illuminator,landscape painter,sculptor,miniaturist,etcher,craft artist,painter,historical painter,watercolourist,amateur artist,amateur painter,printmaker,colourist,artist,commercial artist,portraitist,wax modeller,"etcher, artist","artist, painter",illustrator and landscape painter,painter in enamel,feather artisan,chinaware painter,miniature portrait painter
http://sparql.cwrc.ca/ontologies/cwrc#clericalWork,clerical work,clerical officer,private secretary,secretary,executive secretary,club secretary,town clerk,clerical,receptionist,clerk,shorthand typist,association secretary,pay clerk,stenographer,warehouse clerk,secretarial work,typist,factory secretary,legal secretary,scrivener,college secretary,secretary and registrar
http://sparql.cwrc.ca/ontologies/cwrc#education,education,educational popularizer,educationist
http://sparql.cwrc.ca/ontologies/cwrc#governess,governess,governess
http://sparql.cwrc.ca/ontologies/cwrc#sports,sports,polo player,athlete,curling,skier,sport,yachtsman,oarsman,boxer,yachtsperson,yachtswoman,physical training instructor,sportsman,golf,olympic athlete,championship skier
http://sparql.cwrc.ca/ontologies/cwrc#bookProduction,book production,book production
http://sparql.cwrc.ca/ontologies/cwrc#criminal,criminal,transported criminal,blackmailer,convict,con man,thief,blackmailer extortionist,confidence trickster
http://sparql.cwrc.ca/ontologies/cwrc#commissioner,commissioner,parliamentary commissioner,commissioner of bankruptcy,commissioner of the dockyards,commissioner of inland revenue,excise commissioner,commissioner of customs,customs commissioner,commissioner,bankruptcy commissioner
http://sparql.cwrc.ca/ontologies/cwrc#airRaidWarden,air raid warden,air raid warden
http://sparql.cwrc.ca/ontologies/cwrc#mercer,mercer,mercer
http://sparql.cwrc.ca/ontologies/cwrc#radicalism,radicalism,working class radical,radical dissident,political radical,radical
http://sparql.cwrc.ca/ontologies/cwrc#critic,critic,critic,film critic,theatre critic,music critic,television critic,art critic,drama critic,literary critic,assistant drama critic
http://sparql.cwrc.ca/ontologies/cwrc#mathematics,mathematics,mathematician,amateur mathematician,mathematical interests
http://sparql.cwrc.ca/ontologies/cwrc#humanitarianWork,humanitarian work,international aid worker,distribution of medical supplies
http://sparql.cwrc.ca/ontologies/cwrc#missionaryWork,missionary work,missionary,missionary administrator,missionaries,missionary supporter,missionary worker,supporter of missionary activity,founded a church missionary society auxiliary
http://sparql.cwrc.ca/ontologies/cwrc#fellow,fellow,creative writing fellowships,creative writing fellow,visiting fellow,fellow,fellow of the royal society,compton fellow of creative writing,fellow student at the regent street polytechnic,fellow of king's college,fellow of the institute of hospital administration,creative writing fellowship
http://sparql.cwrc.ca/ontologies/cwrc#editing,editing,poetry editor,fashion editor,editorial board member,newspaper editor,colonial editor,sub editor,encyclopedia editor,science editor,associate editor,editorial assistant,editing,magazine editor,journal editor,publishers' editor,consulting editor,deputy editor,editorial reader,periodical editor,publisher's editor,proofreader,parish magazine editor,foreign editor,literary editor,trade journal editor,assistant editor,part time editor,copy editor,managing editor,co editor,founding editor,editor,edited,editorship,news subeditor,editor for religious society,newspaper sub editor,edited school texts,editor of the women's page,editorial
http://sparql.cwrc.ca/ontologies/cwrc#diplomat,diplomat,envoy,diplomatic negotiation,ambassador,british consul,attach√©,diplomatist,foreign service,consul general,diplomat,ambassador to france,oriental secretary,ambassador to spain,consul general in london for hawaii,ambassador to constantinople
http://sparql.cwrc.ca/ontologies/cwrc#guardian,guardian,guardian
http://sparql.cwrc.ca/ontologies/cwrc#patron,patron,patron of actors,literary patron,theatre patron,patron,patron of literature,patron of science,patron of the arts,charity patron
